type,identifier,parents,relation_from,relation_to,name_en,name_de,definition_en,example_en,note_en,synonyms_en,synonyms_de,links,is_part_of
# prefix,cx,,,,,,,,,,,,
# namespace,https://raw.githubusercontent.com/catenax-ng/product-knowledge/main/ontology/cx_ontology.ttl#,,,,,,,,,,,,
# title,vehicle component ontology,,,,,,,,,,,,
# version,0.0.1,,,,,,,,,,,,
# author,Zazralt Magic,,,,,,,,,,,,
# contributor,,,,,,,,,,,,,
# description,,,,,,,,,,,,,
# import,common ontology,,,,,,,,,,,,
,,,,,,,,,,,,,
,,,,,,,,,,,,,
class,vehicle component,component,,,,Fahrzeugkomponente,A component that is assembled into a vehicle or a vehicle component.,"engine, body, chassis",,"part, component","Fahrzeug Bauteil, Fahrzeugteil, Komponente, Bauteil, Teil",,vehicle
,,,,,,,,,,,,,
class,component manufacturer,manufacturer,,,,,,,,,,,
,,,,,,,,,,,,,
class,main component,component,,,,Hauptkomponente,,,,,,,
class,generic component,component,,,,Allgemeine Komponente,,,,,,,
class,structural component,component,,,,Strukturkomponente,,Fahrwerk,,,Mechanische Komponente,,
class,electrical component,component,,,,Elektrokomponente,,,,,,,
class,functional component,component,,,,Funktionskomponente,,,,,,,
class,safety component,component,,,,Fahrzeugsicherheitskomponente,,,,,,https://en.wikipedia.org/wiki/Automotive_safety,
,,,,,,,,,,,,,
class,body,"vehicle component, main component",,,,Karosserie,,,,"carrosserie, body work, bodywork, coachwork, coach work",,https://de.wikipedia.org/wiki/Karosserie,vehicle
class,powertrain,"vehicle component, main component",,,,Antriebsstrang,,,,"power train, drive, drivetrain, drive train, driveline","Antrieb, Antriebstrang",https://en.wikipedia.org/wiki/Drivetrain,vehicle
class,chassis,"vehicle component, main component",,,,Fahrwerk,,,,"frame, base frame, undercarriage, vehicle frame, rolling chassis","Fahrgestell, Chassis, Untergestell, Rahmen",https://en.wikipedia.org/wiki/Chassis,vehicle
class,vehicle electrical system,"vehicle component, main component, vehicle system",,,,Elektrosystem,,,,electronics,,https://en.wikipedia.org/wiki/Automotive_electronics,vehicle
,,,,,,,,,,,,,
class,electric powertrain,"vehicle component, main component",,,,Elektrischer Antriebsstrang,,,,"e-powertrain, electric drive, e-drive",Elektrischer Antrieb,,vehicle
class,high voltage system,"vehicle component, vehicle system",,,,Hochvolt System,,,,high-voltage system,,,vehicle
class,hybrid vehicle drivetrain,vehicle component,,,,Hybridantrieb,,,,,,https://en.wikipedia.org/wiki/Hybrid_vehicle_drivetrain,powertrain
,,,,,,,,,,,,,
class,vehicle system,vehicle component,,,,Fahrzeugsystem,,,,,,,
class,mechatronic component,vehicle component,,,,,,,,,,,
,,,,,,,,,,,,,
class,vehicle sensor,vehicle component,,,,Fahrzeugsensor,,,,,,,
class,vehicle actuator,vehicle component,,,,Fahrzeugaktuator,,,,,Aktor,https://de.wikipedia.org/wiki/Aktor,
class,vehicle instrument,vehicle component,,,,Fahrzeuginstrument,,,,,,,interior
class,vehicle control,vehicle component,,,,Fahrzeugsteuerung,,,,,,,interior
class,vehicle switch,vehicle component,,,,Fahrzeugschalter,,,,,,,
,,,,,,,,,,,,,
class,pipe,generic component,,,,Rohr,,,,,,,
class,hose,generic component,,,,Schlauch,,,,,,,
class,line,generic component,,,,Leitung,,,,,,,
class,gasket,generic component,,,,Flachdichtung,,,,,,,
class,seal,generic component,,,,Dichtung,,,,,,,
class,liquid seal,seal,,,,Flüssigdichtung,,,,,,,
,,,,,,,,,,,,,
,,,,,,,,,,,,,
class,hood,vehicle component,,,,Motorhaube,,,,bonnet,Kühlerhaube,https://en.wikipedia.org/wiki/Hood_(car),exterior
class,trunk,vehicle component,,,,Kofferraum,,,,"boot, dickie, dicky, diggy",,https://en.wikipedia.org/wiki/Trunk_(car),exterior
class,hatch,vehicle component,,,,Heckklappe,,,,tailgate,,https://de.wikipedia.org/wiki/Heckklappe,exterior
class,bumper,"vehicle component, functional component",,,,Stoßstange,,,,,,https://en.wikipedia.org/wiki/Bumper_(car),exterior
class,grille,"vehicle component, functional component",,,,Kühlergrill,,,,,,https://en.wikipedia.org/wiki/Grille_(car),exterior
class,paint,"vehicle component, functional component",,,,Autolack,,,,,Lack,https://en.wikipedia.org/wiki/Automotive_paint,exterior
class,wheel housing,"vehicle component, functional component",,,,Radkasten,,,,"wheel house, wheel case, wheel well, bucket","Radhaus, Radeinbau",https://de.wikipedia.org/wiki/Radkasten,exterior
class,side rocker,"vehicle component, functional component",,,,Seitenschweller,,,,"rocker panel, sill",,https://de.wikipedia.org/wiki/Seitenschweller,exterior
class,fender,"vehicle component, functional component",,,,Kotflügel,,,,wheel cover,"Schutzblech, Radabdeckung",https://en.wikipedia.org/wiki/Fender_(vehicle),exterior
class,hood scoop,"vehicle component, functional component",,,,Lufthutze,,,,"bonnet scoop, bonnet airdam, air dam",,https://en.wikipedia.org/wiki/Hood_scoop,exterior
class,spoiler,"vehicle component, functional component",,,,Spoiler,,,,"rear spoiler, air dams, wing",,https://en.wikipedia.org/wiki/Spoiler_(car),exterior
class,diffuser,"vehicle component, functional component",,,,Diffusor,,,,,,https://en.wikipedia.org/wiki/Diffuser_(automotive),exterior
class,gas pressure spring,"vehicle component, functional component",,,,Gasdruckfeder,,,,gas spring,,https://en.wikipedia.org/wiki/Gas_spring,exterior
class,reflector,"vehicle component, safety component",,,,Reflektor,,,,retroreflector,"Retroreflektor, Rückstrahler",https://en.wikipedia.org/wiki/Retroreflector,exterior
class,door,"vehicle component, functional component",,,,Autotür,,,,car door,Tür,https://en.wikipedia.org/wiki/Car_door,body
class,door panel,vehicle component,,,,Türverkleidung,,,,door card,,https://en.wikipedia.org/wiki/Door_card,door
class,door handle,vehicle component,,,,Türgriff,,,,doorknob,Türklinke,https://en.wikipedia.org/wiki/Door_handle,door
class,door seal,"vehicle component, seal",,,,Dichtung,,,,,,https://en.wikipedia.org/wiki/Seal_(mechanical),door
class,door hinge,vehicle component,,,,Scharnier,,,,,,https://en.wikipedia.org/wiki/Hinge,door
class,door lock,vehicle component,,,,Schloss,,,,,,https://en.wikipedia.org/wiki/Lock_and_key,door
class,child safety lock,vehicle component,,,,Kindersicherung,,,,,,https://en.wikipedia.org/wiki/Child_safety_lock,door
class,door switch,"vehicle component, vehicle switch",,,,Türschalter,,,,,,,door
class,window,vehicle component,,,,Autofenster,,,,,Fenster,https://en.wikipedia.org/wiki/Window,door
class,window shade,vehicle component,,,,Autofensterrollo,,,,,,https://de.wikipedia.org/wiki/Rollo_(Sonnenschutz),door
class,power window,"vehicle component, electrical component",,,,Fensterheber,,,,electric windows,,https://en.wikipedia.org/wiki/Power_window,door
class,door contact,"vehicle component, electrical component",,,,Türkontakt,,,,,,,door
class,power window switch,"vehicle component, electrical component, vehicle switch",,,,Fensterheberschalter,,,,,,,door
class,side view mirror,vehicle component,,,,Seitenspiegel,,,,"side mirror, wing mirror",Außenspiegel,https://en.wikipedia.org/wiki/Side-view_mirror,door
class,power side view mirror,"vehicle component, electrical component",,,,elektrischer Seitenspiegel,,,,"power side mirror, power wing mirror, power mirror)",,https://en.wikipedia.org/wiki/Power_side-view_mirror,door
class,blind spot monitor,"vehicle component, electrical component, vehicle sensor",,,,Totwinkel-Assistent,,,,active blind spot detection,"Spurwechselwarnung, Spurwechselassistent, Spurwechselunterstützung",https://en.wikipedia.org/wiki/Blind_spot_monitor,door
class,roof,"vehicle component, functional component",,,,Autodach,,,,,,https://en.wikipedia.org/wiki/Automobile_roof,body
class,hardtop,vehicle component,,,,Hardtop,,,,hard top,,https://en.wikipedia.org/wiki/Hardtop,roof
class,softtop,vehicle component,,,,Verdeck,,,,"retractable softtop, soft top",,,roof
class,sun roof,vehicle component,,,,Schiebedach,,,,,,https://en.wikipedia.org/wiki/Sunroof,roof
class,sun roof shade,vehicle component,,,,Schiebedachsonnenschutz,,,,,,,roof
class,roof rack,vehicle component,,,,Autogepäckträger,,,,,,https://en.wikipedia.org/wiki/Roof_rack,roof
class,convertible roof,vehicle component,,,,Cabriolet,,,,,,https://en.wikipedia.org/wiki/Convertible,roof
class,retractable hardtop,vehicle component,,,,Cabrioverdeck,,,,,,https://en.wikipedia.org/wiki/Retractable_hardtop,roof
class,detachable hardtop,vehicle component,,,,Cabrioverdeck,,,,,,https://en.wikipedia.org/wiki/Convertible#Detachable_hardtop,roof
class,windshield,"vehicle component, functional component",,,,Windschutzscheibe,,,,windscreen,,https://en.wikipedia.org/wiki/Windshield,body
class,glass,vehicle component,,,,Autoglas,,,,car glass,,https://en.wikipedia.org/wiki/Car_glass,windshield
class,laminated glass,"vehicle component, safety component",,,,Verbundsicherheitsglas,,,,,VSG,https://en.wikipedia.org/wiki/Laminated_glass,windshield
class,window wash system,"vehicle component, vehicle system",,,,Fensterwaschanlage,,,,window wipe system,,,windshield
class,wiper,vehicle component,,,,Scheibenwischer,,,,"windscreen wiper, windshield wiper, wiper blade, windscreen washer",,https://en.wikipedia.org/wiki/Windscreen_wiper,window wash system
class,wiper motor,vehicle component,,,,Scheibenwischermotor,,,,,,,window wash system
class,rain sensor,"vehicle component, vehicle sensor",,,,Regensensor,,,,,,https://en.wikipedia.org/wiki/Rain_sensor,window wash system
class,washer nozzle,"vehicle component, vehicle sensor",,,,Waschdüse,,,,,,,window wash system
class,windshield washer fluid,vehicle component,,,,Scheibenwaschwasser,,,,"windshield wiper fluid, wiper fluid, screen wash, washer fluid",Scheibenwischwasser,https://en.wikipedia.org/wiki/Windshield_washer_fluid,window wash system
class,rear window,"vehicle component, functional component",,,,Heckscheibe,,,,"back window, back glass",,https://de.wikipedia.org/wiki/Heckscheibe,body
class,rear window heater,vehicle component,,,,Heckscheibenheizung,,,,"defogger, demister, defroster",,https://en.wikipedia.org/wiki/Defogger,rear window
class,rear window shade,vehicle component,,,,Heckscheibensonnenschutz,,,,,,,rear window
class,interior,vehicle component,,,,Fahrzeuginterieur,,,,"vehicle interior, cabin, passenger compartment, passenger cell","Innenausstattung, Fahrgastraum, Innenraum",https://de.wikipedia.org/wiki/Fahrzeuginterieur,body
class,seat,vehicle component,,,,Autositz,,,,,,https://en.wikipedia.org/wiki/Car_seat,interior
class,seat occupancy mat,"vehicle component, safety component, vehicle sensor",,,,,,,,seat occupancy detection,,,interior
class,bucket seat,vehicle component,,,,Schalensitz,,,,,Sportsitz,https://en.wikipedia.org/wiki/Bucket_seat,interior
class,power seat,vehicle component,,,,,,,,,,https://en.wikipedia.org/wiki/Power_seat,interior
class,power seat switch,vehicle component,,,,,,,,,,,interior
class,seat belt,"vehicle component, safety component",,,,Sicherheitsgurt,,,,"safety belt, seatbelt",Anschnallgurt,https://en.wikipedia.org/wiki/Seat_belt,interior
class,seat belt buckle,"vehicle component, safety component",,,,Gürtelschnalle,,,,,,,seat belt
class,seat belt strap,"vehicle component, safety component",,,,Gurtband,,,,strap,,,seat belt
class,seat belt tensioner,"vehicle component, safety component",,,,Gurtstraffer,,,,"belt tensioner, retractor tension, seat belt buckle tensioner, tightener",,,seat belt
class,seat belt reel,"vehicle component, safety component",,,,Aufrollmechanismus,,,,"electromotive automatic reel, electromotive reel, reversible electromotive reel",,,seat belt
class,head restraint,"vehicle component, safety component",,,,Kopfstütze,,,,"headrest, headrests",,https://en.wikipedia.org/wiki/Head_restraint,interior
class,seat bracket,vehicle component,,,,Sitzkonsole,,,,,,https://de.wikipedia.org/wiki/Sitzkonsole,interior
class,seat rail,vehicle component,,,,Sitzschiene,,,,,,https://de.wikipedia.org/wiki/Sitzschiene,interior
class,armrest,vehicle component,,,,Armlehne,,,,,,https://en.wikipedia.org/wiki/Armrest,interior
class,interior light,vehicle component,,,,Innenbeleuchtung,,,,,Innenleuchte,,interior
class,glove compartment,vehicle component,,,,Handschuhfach,,,,"glove box, jockey box",,https://en.wikipedia.org/wiki/Glove_compartment,interior
class,grab handle,vehicle component,,,,Haltegriff,,,,,,,interior
class,cup holder,vehicle component,,,,Getränkehalter,,,,,,https://en.wikipedia.org/wiki/Cup_holder,interior
class,rear view mirror,vehicle component,,,,Rückspiegel,,,,rearview mirror,,https://en.wikipedia.org/wiki/Rear-view_mirror,interior
class,sun visor,vehicle component,,,,Sonnenblende,,,,,Blende,https://en.wikipedia.org/wiki/Sun_visor,interior
class,floor,vehicle component,,,,Fussboden,,,,,,,interior
class,floor mat,vehicle component,,,,Bodenmatte,,,,"vehicle mat, floormat","Fußmatte, Fussmatte",https://en.wikipedia.org/wiki/Vehicle_mat,floor
class,molded carpet,vehicle component,,,,geformter Teppich,,,,,,https://en.wikipedia.org/wiki/Molded_carpet,floor
class,roof liner,vehicle component,,,,Innenverdeck,,,,,"Dachhimmel, Innenhimmel",https://de.wikipedia.org/wiki/Innenverdeck,interior
class,heating and air conditioning system,"vehicle component, vehicle system",,,,Klimatechnik,,,,"heating, ventilation, air conditioning, HVAC",,"https://en.wikipedia.org/wiki/Heating,_ventilation,_and_air_conditioning",interior
class,blower motor,vehicle component,,,,Lüftungsmotor,,,,,,,heating and air conditioning system
class,interior air filter,vehicle component,,,,Luftfilter,,,,,,,heating and air conditioning system
class,interior filter,vehicle component,,,,Innenraumfilter,,,,,,,heating and air conditioning system
class,interior electric heater,vehicle component,,,,elektrische Heizung,,,,electric auxiliary heater,,,heating and air conditioning system
class,air conditioning,vehicle component,,,,Klimatisierung,,,,"AC, limate control",,,heating and air conditioning system
class,air conditioning compressor,vehicle component,,,,Klimakompressor,,,,,,,heating and air conditioning system
class,air conditioning condenser,vehicle component,,,,Klimakondensator,,,,,,,heating and air conditioning system
class,temperature sensor,vehicle component,,,,Temperatursensor,,,,,Temperaturfühler,,heating and air conditioning system
class,evaporator,vehicle component,,,,Verdampfer,,,,,,,heating and air conditioning system
class,air duct,vehicle component,,,,Lüftungskanal,,,,,,,interior
class,air flap,vehicle component,,,,Luftklappe,,,,,,,interior
class,car control,"vehicle component, vehicle control",,,,Fahrzeugsteuerung,,,,user interface,,https://en.wikipedia.org/wiki/Car_controls,interior
class,ignition switch,"vehicle component, vehicle control, vehicle switch",,,,Zündschalter,,,,"starter switch, start switch",Zündschloss,https://en.wikipedia.org/wiki/Ignition_switch,car control
class,steering wheel,"vehicle component, vehicle control",,,,Lenkrad,,,,"steering, wheel, driving wheel, hand wheel",Steuerrad,https://en.wikipedia.org/wiki/Steering_wheel,car control
class,horn,"vehicle component, vehicle control",,,,Hupe,,,,hooter,Hörner,https://en.wikipedia.org/wiki/Vehicle_horn,steering wheel
class,steering column,"vehicle component, vehicle control",,,,Lenksäule,,,,steering post,,,steering wheel
class,steering column switch,"vehicle component, vehicle switch",,,,,,,,,,,steering wheel
class,turn indicator,"vehicle component, vehicle switch",,,,Fahrtrichtungsanzeiger,,,,,,,car control
class,high beam switch,"vehicle component, vehicle switch",,,,Fernlicht,,,,Aufblendlicht,,,car control
class,wash switch,"vehicle component, vehicle switch",,,,,,,,,,,car control
class,accelerator pedal,"vehicle component, vehicle control",,,,Gaspedal,accelerating,,,throttle,Fahrpedal,,car control
class,electronic throttle control,"vehicle component, vehicle control",,,,elektronische Drosselklappensteuerung,,,,ETC,,https://en.wikipedia.org/wiki/Electronic_throttle_control,car control
class,brake pedal,"vehicle component, vehicle control",,,,Bremspedal,braking,,,,Fußbremse,https://en.wikipedia.org/wiki/Brake,car control
class,parking brake,"vehicle component, vehicle control",,,,Feststellbremse,,,,"handbrake, emergency brake","Handbremse, Parkbremse",https://en.wikipedia.org/wiki/Parking_brake,car control
class,clutch pedal,"vehicle component, vehicle control",,,,Kupplungspedal,,,,clutch lever,,,car control
class,gear stick,"vehicle component, vehicle control",,,,Schalthebel,,,,"gear lever, gearshift, shifter, transmission lever, gear selector","Schaltknüppel, Schaltknauf, Ganghebel, Wählhebel, Gangwahlhebel, Handschalthebel, Gangwahlschalter",https://en.wikipedia.org/wiki/Gear_stick,car control
class,cruise control switch,"vehicle component, vehicle control",,,,Tempomat,,,,,Geschwindigkeitsregelanlage,https://en.wikipedia.org/wiki/Cruise_control,car control
class,switch panel,"vehicle component, vehicle control",,,,Bedienungsfeld,,,,,Schalttafel,,car control
class,voice control,"vehicle component, vehicle control",,,,Sprachsteuerung,,,,,,,car control
class,heating control,"vehicle component, vehicle control",,,,Heizungssteuerung,,,,,,,car control
class,automatic climate control,"vehicle component, vehicle control",,,,Klimaautomatik,,,,,Klimatisierungsautomatik,,car control
class,dashboard,vehicle component,,,,Armaturenbrett,,,,"dash, fascia",Armaturentafel,https://en.wikipedia.org/wiki/Dashboard,interior
class,central information display,vehicle component,,,,,,,,"CID, multifunctional display, MFD",,,dashboard
class,head up display,vehicle component,,,,Head-up-Display,,,,"head-up display, heads-up display, HUD",,https://en.wikipedia.org/wiki/Automotive_head-up_display,dashboard
class,head unit,vehicle component,,,,Headunit,,,,,,https://en.wikipedia.org/wiki/Automotive_head_unit,dashboard
class,controller,vehicle component,,,,Steuerung,,,,,,,dashboard
class,center console,vehicle component,,,,Mittelkonsole,,,,,,https://en.wikipedia.org/wiki/Center_console_(automobile),dashboard
class,instrument panel,vehicle component,,,,Instrumententafel,,,,"digital instrument panel, electronic instrument cluster",,https://en.wikipedia.org/wiki/Electronic_instrument_cluster,dashboard
class,speedometer,"vehicle component, vehicle instrument",,,,Tachometer,,,,speed meter,,https://en.wikipedia.org/wiki/Speedometer,instrument panel
class,tachometer,"vehicle component, vehicle instrument",,,,Drehzahlmesser,,,,rev counters,,https://en.wikipedia.org/wiki/Tachometer,instrument panel
class,odometer,"vehicle component, vehicle instrument",,,,Hodometer,,,,"odograph, mileometer, milometer",,https://en.wikipedia.org/wiki/Odometer,instrument panel
class,fuel gauge,"vehicle component, vehicle instrument",,,,Kraftstoffanzeige,,,,,"Tankanzeige, Tankuhr oder Benzinuhr",https://en.wikipedia.org/wiki/Fuel_gauge,instrument panel
class,engine temperature gauge,"vehicle component, vehicle instrument",,,,Kühlung,,,,,,https://en.wikipedia.org/wiki/Internal_combustion_engine_cooling,instrument panel
class,manometer,"vehicle component, vehicle instrument",,,,Druckmesser,,,,oil pressure gauge,,https://en.wikipedia.org/wiki/Oil_pressure,instrument panel
class,tire pressure gauge,"vehicle component, vehicle instrument",,,,Reifendruckmesser,,,,tyre pressure gauge,,https://en.wikipedia.org/wiki/Tire-pressure_gauge,instrument panel
class,warning light,vehicle component,,,,Kontrollleuchte,,,,"tell tale, indicator light",,https://en.wikipedia.org/wiki/Tell-tale_(automotive),instrument panel
class,check engine light,vehicle component,,,,Motorkontrollleuchte,,,,"malfunction indicator lamp, MIL",,https://en.wikipedia.org/wiki/Check_engine_light,instrument panel
class,body component,component,,,,Karosseriekomponente,,,,,,,body component
class,body in white,"body component, vehicle component, structural component",,,,Rohkarosserie,,,,"BIW, bodyshell, body shell","Rohbau, Rohbaukarosserie, RK",https://en.wikipedia.org/wiki/Body_in_white,body
class,body panel,"body component, vehicle component, structural component",,,,Karosserieteil,,,,,,,body
class,self supporting body,"body component, vehicle component, structural component",,,,Selbsttragende Karosserie,,,,self-supporting body,,,body
class,unibody,"body component, vehicle component, structural component",,,,Unibody,,,,"unit-body, unitary body, unitized body, unitary construction, integrated body",,https://en.wikipedia.org/wiki/Vehicle_frame#Unibody,body
class,monocoque,"body component, vehicle component, structural component",,,,Monocoque,,,,,,https://en.wikipedia.org/wiki/Monocoque,body
class,subframe,"body component, vehicle component, structural component",,,,Achsträger,,,,"chassis subframe, underframe",,https://en.wikipedia.org/wiki/Subframe,body
class,floorpan,"body component, vehicle component, structural component",,,,Bodengruppe,,,,floor panel,,https://en.wikipedia.org/wiki/Floorpan,body
class,crumple zone,"body component, vehicle component, structural component, safety component",,,,Knautschzone,,,,"crush zones, crash zones",,https://en.wikipedia.org/wiki/Crumple_zone,body
class,safety cell,"body component, vehicle component, structural component, safety component",,,,Sicherheitszelle,,,,,"Fahrgastzelle, Sicherheitsfahrgastzelle",https://de.wikipedia.org/wiki/Fahrgastzelle,body
class,roll cage,"body component, vehicle component, structural component, safety component",,,,Überrollvorrichtung,,,,,Überrollkäfig,https://en.wikipedia.org/wiki/Roll_cage,body
class,strut bar,"body component, vehicle component, structural component",,,,Domstrebe,,,,"strut brace, or strut tower brace, STB",,https://en.wikipedia.org/wiki/Strut_bar,body
class,underbody,"body component, vehicle component, structural component",,,,Boden,,,,,,,body
class,underseal,"body component, vehicle component, functional component",,,,Unterbodenschutz,,,,undercoating,,https://en.wikipedia.org/wiki/Underseal,body
class,pillar,"body component, vehicle component, structural component, safety component",,,,Fahrzeugsäule,,,,,Säule,https://en.wikipedia.org/wiki/Pillar_(car),body
class,a pillar,"body component, vehicle component, structural component, safety component",,,,A Säule,,,,a-pillar,A-Säule,https://en.wikipedia.org/wiki/Pillar_(car),body
class,b pillar,"body component, vehicle component, structural component, safety component",,,,B Säule,,,,b-pillar,B-Säule,https://en.wikipedia.org/wiki/Pillar_(car),body
class,c pillar,"body component, vehicle component, structural component, safety component",,,,C Säule,,,,c-pillar,C-Säule,https://en.wikipedia.org/wiki/Pillar_(car),body
class,d pillar,"body component, vehicle component, structural component, safety component",,,,D Säule,,,,d-pillar,D-Säule,https://en.wikipedia.org/wiki/Pillar_(car),body
class,side impact protection system,"body component, vehicle component, safety component, vehicle system",,,,Seitenaufprallschutz,,,,SIPS,,https://en.wikipedia.org/wiki/Side_Impact_Protection_System,body
class,exterior,"body component, vehicle component",,,,Fahrzeugexterieur,,,,vehicle exterior,Fahrzeugaußenseite,https://de.wikipedia.org/wiki/Exterieur,body
class,chassis component,component,,,,Fahrwerkskomponente,,,,,,,chassis
class,body on frame,"chassis component, vehicle component",,,,Karosserie in Rahmenbauweise,,,,"body-on-frame, ladder frame construction, frame construction",,https://en.wikipedia.org/wiki/Body-on-frame,chassis
class,brake system,"chassis component, vehicle component, functional component, vehicle system",,,,Bremsanlage,,,,"brake, braking, braking system","Bremssystem, Bremse",https://en.wikipedia.org/wiki/Brake,chassis
class,brake lining,"chassis component, vehicle component",,,,Bremsbelag,,,,,,https://en.wikipedia.org/wiki/Brake_lining,brake system
class,disc brake,"chassis component, vehicle component",,,,Scheibenbremse,,,,,,https://en.wikipedia.org/wiki/Disc_brake,brake system
class,brake shoe,"chassis component, vehicle component",,,,Bremsklotz,,,,,,https://en.wikipedia.org/wiki/Brake_shoe,brake system
class,brake pad,"chassis component, vehicle component",,,,Bremsbelag,,,,,,https://en.wikipedia.org/wiki/Brake_pad,brake system
class,brake caliper,"chassis component, vehicle component",,,,Bremssattel,,,,caliper,Bremszange,https://de.wikipedia.org/wiki/Bremssattel,brake system
class,brake fluid,"chassis component, vehicle component",,,,Bremsflüssigkeit,,,,,,https://en.wikipedia.org/wiki/Brake_fluid,brake system
class,electronic parking brake,"chassis component, vehicle component",,,,Elektrische Feststellbremse,,,,"electric parking brake, electric park brake, EPB",,https://en.wikipedia.org/wiki/Electronic_parking_brake,brake system
class,active rollover protection,"chassis component, vehicle component, electrical component",,,,Überschlagschutzsystem,,,,"ARP, rollover protection",,https://en.wikipedia.org/wiki/Active_rollover_protection,brake system
class,combined braking system,"chassis component, vehicle component, vehicle system",,,,Bremsanlage,,,,"CBS, linked braking system, LBS",,https://en.wikipedia.org/wiki/Combined_braking_system,brake system
class,suspension system,"chassis component, vehicle component, functional component, vehicle system",,,,"Radaufhängung, Federungssystem, Achsen",,,,"suspension, damper",,https://de.wikipedia.org/wiki/Radaufh%C3%A4ngung,chassis
class,axle,"chassis component, vehicle component",,,,Achse,,,,drive axle,,https://en.wikipedia.org/wiki/Axle,suspension system
class,front axle,"chassis component, vehicle component",,,,Vorderachse,,,,,,,suspension system
class,rear axle,"chassis component, vehicle component",,,,Hinterachse,,,,,,,suspension system
class,transaxle,"chassis component, vehicle component",,,,Transaxle,,,,,,https://en.wikipedia.org/wiki/Transaxle,suspension system
class,coil spring,"chassis component, vehicle component",,,,Schraubenfeder,,,,,"Feder, Fahrwerksfeder",https://en.wikipedia.org/wiki/Coil_spring,suspension system
class,air spring,"chassis component, vehicle component",,,,Luftfeder,,,,,,https://en.wikipedia.org/wiki/Air_suspension,suspension system
class,coilover,"chassis component, vehicle component",,,,Federbein,,,,,,https://en.wikipedia.org/wiki/Coilover,suspension system
class,wishbone,"chassis component, vehicle component",,,,Querlenker,,,,,,,suspension system
class,anti roll bar,"chassis component, vehicle component",,,,Stabilisator,,,,"roll bar, anti-sway bar, sway bar, stabilizer bar",Rollstabilisierung,https://en.wikipedia.org/wiki/Anti-roll_bar,suspension system
class,car suspension,"chassis component, vehicle component",,,,Federung,,,,suspension,,https://en.wikipedia.org/wiki/Car_suspension,suspension system
class,shock absorber,"chassis component, vehicle component",,,,Stoßdämpfer,,,,damper,Dämpfer,https://en.wikipedia.org/wiki/Shock_absorber,suspension system
class,hydraulic shock absorber,"chassis component, vehicle component",,,,hydraulische Stoßdämpfer,,,,,,,suspension system
class,wheel suspension,"chassis component, vehicle component",,,,Radaufhängung,,,,,Radführung,https://de.wikipedia.org/wiki/Radaufh%C3%A4ngung,suspension system
class,wheel flange,"chassis component, vehicle component",,,,Radträger,,,,,Radflansch,,suspension system
class,strut bearing,"chassis component, vehicle component",,,,Federbeinlager,,,,,Domlager,https://de.wikipedia.org/wiki/Domlager,suspension system
class,strut tower,"chassis component, vehicle component",,,,Federbeindom,,,,,,,suspension system
class,wheel hub,"chassis component, vehicle component",,,,Radnabe,,,,,,,rear axle
class,swivel bearing,"chassis component, vehicle component",,,,Schwenklager,,,,,,,suspension system
class,steering,"chassis component, vehicle component",,,,Lenkung,,,,,,https://en.wikipedia.org/wiki/Steering,chassis
class,mechanical steering,"chassis component, vehicle component",,,,mechanische Lenkung,,,,,,,steering
class,power steering,"chassis component, vehicle component",,,,Servolenkung,,,,,,https://en.wikipedia.org/wiki/Power_steering,steering
class,hydraulic power steering,"chassis component, vehicle component",,,,hydraulische Servolenkung,,,,,,,steering
class,Electromechanical power steering,"chassis component, vehicle component",,,,elektromechanische Servolenkung,,,,EPS,,,steering
class,bearing,"chassis component, vehicle component",,,,Lager,,,,,,,chassis
class,wheel bearing,"chassis component, vehicle component",,,,Radlager,,,,,,,bearing
class,axle bearing,"chassis component, vehicle component",,,,Achslager,,,,,,,bearing
class,wheel speed sensor,"chassis component, vehicle component",,,,Raddrehzahlsensor,,,,,,,bearing
class,integrated chassis management,"chassis component, vehicle component",,,,,,,,ICM,,,chassis
class,kingpin,"chassis component, vehicle component",,,,Königszapfen,,,,"king pin, coupling pin",,https://en.wikipedia.org/wiki/Kingpin_(automotive_part),steering
class,tow hitch,"chassis component, vehicle component",,,,Anhängerkupplung,,,,"tow bar, trailer hitch",,https://en.wikipedia.org/wiki/Tow_hitch,chassis
class,wheel,"chassis component, vehicle component",,,,Rad,,,,,,https://en.wikipedia.org/wiki/Drive_wheel,chassis
class,tire,"chassis component, vehicle component",,,,Reifen,,,,tyre,Autoreifen,https://en.wikipedia.org/wiki/Tire,wheel
class,tire pressure sensor,"chassis component, vehicle component",,,,Reifendrucksensor,,,,RDC,,,wheel
class,rim,"chassis component, vehicle component",,,,Felge,,,,alloy wheel,Autofelge,https://en.wikipedia.org/wiki/Rim_(wheel),wheel
class,hubcap,"chassis component, vehicle component",,,,Radkappe,,,,hub cap,,https://en.wikipedia.org/wiki/Hubcap,wheel
class,nut,"chassis component, vehicle component",,,,Radschraube,,,,"wheel nut, lug nut",,https://en.wikipedia.org/wiki/Lug_nut,wheel
class,tire valve,"chassis component, vehicle component",,,,Reifenventil,,,,tyre valve,,,wheel
,,,,,,,,,,,,,
class,electric powertrain component,component,,,,Elektrische Antriebsstrangskomponente,,,,,,,electric powertrain
class,high voltage battery,"electric powertrain component, vehicle component, functional component",,,,Hochvoltspeicher,,,,"battery, battery pack, high-voltage battery, high-voltage battery unit, high-voltage storage, HVS, HVB, traction battery, lithium-ion battery, HV battery, electric vehicle battery","Speicher, Hochvoltspeicher, HVS, Antriebsbatterie, Traktionsbatterie",https://en.wikipedia.org/wiki/Electric_vehicle_battery,electric powertrain
class,safety box,"electric powertrain component, vehicle component",,,,Sicherheitsbox,,,,"S-box, s-box, s box",,,high voltage battery
class,battery management system,"electric powertrain component, vehicle component, vehicle system",,,,Batteriemanagementsystem,,,,"BMS, SME, battery management electronics, BME","BMS, Batteriemanagement",https://en.wikipedia.org/wiki/Battery_management_system,high voltage battery
class,cell supervision circuit,"electric powertrain component, vehicle component",,,,Zellüberwachung,,,,CSC,,,high voltage battery
class,high voltage connection,"electric powertrain component, vehicle component",,,,Hochvoltstecker,,,,,,,high voltage battery
class,coolant connection,"electric powertrain component, vehicle component",,,,Kühlmittelanschluss,,,,,,,high voltage battery
class,heating and cooling system,"electric powertrain component, vehicle component, vehicle system",,,,,,,,,,,high voltage battery
class,battery cooling system,"electric powertrain component, vehicle component",,,,Kühlkreislauf,,,,,,,high voltage battery
class,cell module,"electric powertrain component, vehicle component",,,,Zellmodul,,,,"battery module, dual-cell module, single-cell module",,,high voltage battery
class,venting unit,"electric powertrain component, vehicle component",,,,Entlüftung,,,,,,,high voltage battery
class,lithium ion cell,"electric powertrain component, vehicle component",,,,Lithium-Ionen Zelle,,,,"battery cell, li-ion cell, lithium-ion cell","Zelle, Lithium-Ionen-Akkumulator",https://en.wikipedia.org/wiki/Lithium-ion_battery#Cells,cell module
class,module connector,"electric powertrain component, vehicle component",,,,Modulstecker,,,,MC,,,cell module
class,cell contacting system,"electric powertrain component, vehicle component, vehicle system",,,,Zellkontaktierung,,,,CCS,Zellkontaktierungssystem,,cell module
class,pressure plate,"electric powertrain component, vehicle component",,,,Druckplatte,,,,PP,DP,,cell module
class,tension plate,"electric powertrain component, vehicle component",,,,Zuganker,,,,,ZA,,cell module
class,cooling plate,"electric powertrain component, vehicle component",,,,Wärrmeleitblech,,,,CP,WLB,,cell module
class,heat exchanger,"electric powertrain component, vehicle component",,,,Wärmetauscher,,,,,,,cell module
class,heat shield,"electric powertrain component, vehicle component",,,,Wärmeschutz,,,,,,,cell module
class,battery temperature sensor,"electric powertrain component, vehicle component, vehicle sensor",,,,Temperatursensor,,,,"thermistor, NTC",,,cell module
class,electric compressor,"electric powertrain component, vehicle component",,,,elektrischer Kompressor,,,,"electric A/C compressor, EKK",,,high voltage system
class,electric heater,"electric powertrain component, vehicle component",,,,Elektroerhitzer,,,,,,,high voltage system
class,heat pump,"electric powertrain component, vehicle component",,,,Wärmepumpe,,,,,,,high voltage system
class,electric motor,"electric powertrain component, vehicle component, functional component",,,,Elektromotor,,,,"electro motor, traction motor, HEAT, electrical machine, e-motor, electric drive unit","EM, E-Motor, E-Maschine, HEAT",https://en.wikipedia.org/wiki/Electric_motor,electric powertrain
class,electric drive,"electric powertrain component, vehicle component, functional component",,,,Elektroantrieb,,,,electric drive unit,,,electric powertrain
class,electric motor transmission,"electric powertrain component, vehicle component",,,,Elektromaschinen-Getriebe,,,,,,,electric powertrain
class,inverter,"electric powertrain component, vehicle component",,,,Inverter,,,,"DC/DC converter, electrical machine electronics, EME",Wechselrichter,,electric powertrain
class,high voltage connection,"electric powertrain component, vehicle component",,,,Hochvoltstecker,,,,,,,electric powertrain
class,charging system,"electric powertrain component, vehicle component, vehicle system",,,,Ladegerät,,,,,,https://en.wikipedia.org/wiki/Battery_charger,electric powertrain
class,charging port,"electric powertrain component, vehicle component",,,,Ladebuchse,,,,,,,charging system
class,charging unit,"electric powertrain component, vehicle component",,,,Ladeelektronik,,,,"combined charging unit, CCU",,,charging system
class,high voltage connection,"electric powertrain component, vehicle component",,,,Hochvoltstecker,,,,high-voltage connection,,,charging system
class,fuel cell stack,"electric powertrain component, vehicle component",,,,Brennstoffzellenstack,,,,,,,electric powertrain
class,fuel cell,"electric powertrain component, vehicle component",,,,Brennstoffzelle,,,,,,https://en.wikipedia.org/wiki/Fuel_cell,electric powertrain
,,,,,,,,,,,,,
class,engine component,component,,,,Motorkomponente,,,,,,,powertrain
class,drive unit,"engine component, vehicle component",,,,"Antrieb, Antriebseinheit","engine, electromotor",,,"propulsion, propulsion system, powerplant",,https://en.wikipedia.org/wiki/Propulsion,powertrain
class,engine,"engine component, vehicle component, final product",,,,Motor,,,,"internal combustion engine (ICE), internal combustion (IC) engine",Verbrennungsmotor,https://en.wikipedia.org/wiki/Internal_combustion_engine,powertrain
class,diesel engine,engine,,,,,,,,,,https://en.wikipedia.org/wiki/Diesel_engine,
class,petrol engine,engine,,,,,,,,,,https://en.wikipedia.org/wiki/Petrol_engine,
class,engine control unit,"engine component, vehicle component",,,,Motorsteuerung,,,,ECU,Motorsteuergerät,https://en.wikipedia.org/wiki/Engine_control_unit,engine
class,head gasket,"engine component, vehicle component, gasket, seal",,,,Zylinderkopfdichtung,,,,,ZKD,https://en.wikipedia.org/wiki/Head_gasket,engine
class,balance shaft,"engine component, vehicle component",,,,Ausgleichswelle,,,,,,https://en.wikipedia.org/wiki/Balance_shaft,engine
class,starter motor,"engine component, vehicle component, electrical component",,,,Motoranlasser,,,,starter,"Anlasser, Starter",https://en.wikipedia.org/wiki/Starter_(engine),engine
class,starter battery,"engine component, vehicle component, electrical component",,,,Starterbatterie,,,,"automotive battery, car battery",,https://en.wikipedia.org/wiki/Automotive_battery,engine
class,starter battery terminal,"engine component, vehicle component, electrical component",,,,Starterbatterieklemme,,,,safety battery terminal,,,starter battery
class,alternator,"engine component, vehicle component, electrical component",,,,Lichtmaschine,,,,,,https://en.wikipedia.org/wiki/Alternator_(automotive),engine
class,electric generator,"engine component, vehicle component, electrical component",,,,Elektrischer Generator,,,,generator,,https://en.wikipedia.org/wiki/Electric_generator,engine
class,coolant temperature sensor,"engine component, vehicle component, vehicle sensor",,,,Kühlwassertemperatursensor,,,,,,,engine
class,knock sensor,"engine component, vehicle component, vehicle sensor",,,,Klopfsensor,,,,,,,engine
class,engine block,"engine component, vehicle component",,,,Motorblock,,,,"short block, cylinder block",,https://en.wikipedia.org/wiki/Engine_block,engine
class,cylinder,"engine component, vehicle component",,,,Zylinder,,,,,,https://en.wikipedia.org/wiki/Cylinder_(engine),engine block
class,piston,"engine component, vehicle component",,,,Kolben,,,,,,https://en.wikipedia.org/wiki/Piston,engine block
class,piston ring,"engine component, vehicle component",,,,Kolbenring,,,,,,https://en.wikipedia.org/wiki/Piston_ring,engine block
class,connecting rod,"engine component, vehicle component",,,,Pleuel,,,,"rod, conrod con rod",,https://en.wikipedia.org/wiki/Connecting_rod,engine block
class,crankcase,"engine component, vehicle component",,,,Kurbelgehäuse,,,,crank case,,https://en.wikipedia.org/wiki/Crankcase,engine block
class,crankshaft,"engine component, vehicle component",,,,Kurbelwelle,,,,crank shaft,,https://en.wikipedia.org/wiki/Crankshaft,engine block
class,crankshaft position sensor,"engine component, vehicle component, vehicle sensor",,,,Kurbelwellensensor,,,,,,,engine block
class,crankpin,"engine component, vehicle component",,,,Kurbelzapfen,,,,crank pin,,https://en.wikipedia.org/wiki/Crankpin,engine block
class,main bearing,"engine component, vehicle component",,,,Kurbelwellenlager,,,,,,https://en.wikipedia.org/wiki/Main_bearing,engine block
class,starter ring gear,"engine component, vehicle component",,,,Starterzahnkranz,,,,,,https://en.wikipedia.org/wiki/Starter_ring_gear,engine block
class,block heater,"engine component, vehicle component, electrical component",,,,Standheizung,,,,,Zuheizer,https://en.wikipedia.org/wiki/Block_heater,engine block
class,cylinder head,"engine component, vehicle component",,,,Zylinderkopf,,,,head,,https://en.wikipedia.org/wiki/Cylinder_head,engine
class,air intake,"engine component, vehicle component",,,,Lufteinlass,,,,,,,cylinder head
class,valvetrain,"engine component, vehicle component",,,,Ventilsteuerung,,,,valve train,Ventiltrieb,https://en.wikipedia.org/wiki/Valvetrain,cylinder head
class,camshaft,"engine component, vehicle component",,,,Nockenwelle,,,,cam shaft,,https://en.wikipedia.org/wiki/Camshaft,valvetrain
class,camshaft position sensor,"engine component, vehicle component, vehicle sensor",,,,Nockenwellensensor,,,,camshaft sensor,,,valvetrain
class,variable valve timing controller,"engine component, vehicle component",,,,Nockenwellenverstellung,,,,"VVT, Valvetronic, VANOS",,https://en.wikipedia.org/wiki/Variable_valve_timing,valvetrain
class,cam,"engine component, vehicle component",,,,Kurvenscheibe,,,,,,https://en.wikipedia.org/wiki/Cam,valvetrain
class,timing belt,"engine component, vehicle component",,,,Steuerkette,,,,"timing chain, cambelt",,https://en.wikipedia.org/wiki/Timing_belt_(camshaft),valvetrain
class,pushrod,"engine component, vehicle component",,,,Schubstange,,,,push rod,,,valvetrain
class,rocker arm,"engine component, vehicle component",,,,Kipphebel,,,,bucket tappet,,https://en.wikipedia.org/wiki/Rocker_arm,valvetrain
class,poppet valve,"engine component, vehicle component",,,,Tellerventil,,,,mushroom valve,,https://en.wikipedia.org/wiki/Poppet_valve,valvetrain
class,valve guide,"engine component, vehicle component",,,,Ventilführung,,,,,,https://en.wikipedia.org/wiki/Valve_guide,valvetrain
class,valve seat,"engine component, vehicle component",,,,Ventilsitz,,,,,,https://en.wikipedia.org/wiki/Valve_seat,valvetrain
class,tappet,"engine component, vehicle component",,,,Nocke,,,,,Stößel,https://en.wikipedia.org/wiki/Tappet,valvetrain
class,hydraulic tappet,"engine component, vehicle component",,,,Hydrostößel,,,,"hydraulic valve lifter, hydraulic lash adjuster",,https://en.wikipedia.org/wiki/Hydraulic_tappet,valvetrain
class,discrete variable valve lift,"engine component, vehicle component",,,,diskret variable Ventilsteuerung,,,,DVVL,,https://en.wikipedia.org/wiki/DVVL,valvetrain
class,intake system,"engine component, vehicle component, vehicle system",,,,Luftansaugung,,,,,,,engine
class,airbox,"engine component, vehicle component",,,,Airbox,,,,,Luftkiste,https://en.wikipedia.org/wiki/Airbox,intake system
class,engine air filter,"engine component, vehicle component",,,,Luftfilter,,,,,,https://en.wikipedia.org/wiki/Air_filter#Internal_combustion_engine_air_filters,intake system
class,idle air control actuator,"engine component, vehicle component",,,,Leerlaufregler,,,,"idle air control valve, IAC actuator",,https://en.wikipedia.org/wiki/Idle_air_control_actuator,intake system
class,intake manifold,"engine component, vehicle component",,,,Ansaugstutzen,,,,inlet manifold,,https://en.wikipedia.org/wiki/Inlet_manifold,intake system
class,throttle,"engine component, vehicle component",,,,Drosselklappe,,,,,,https://en.wikipedia.org/wiki/Throttle,intake system
class,manifold absolute pressure sensor,"engine component, vehicle component, vehicle sensor",,,,MAP-Sensor,,,,MAP sensor,,https://en.wikipedia.org/wiki/MAP_sensor,intake system
class,mass airflow sensor,"engine component, vehicle component, vehicle sensor",,,,Luftmassenmesser,,,,"MAF sensor, mass flow sensor",,https://en.wikipedia.org/wiki/Mass_flow_sensor,intake system
class,throttle position sensor,"engine component, vehicle component, vehicle sensor",,,,Drosselklappensensor,,,,"TPS, throttle-valve sensor",,https://en.wikipedia.org/wiki/Throttle_position_sensor,intake system
class,boost controller,"engine component, vehicle component, electrical component",,,,Booststeuerung,,,,turbo boost controller,,https://en.wikipedia.org/wiki/Boost_controller,intake system
class,turbocharger,"engine component, vehicle component",,,,Turbolader,,,,"turbo, turbosupercharger, forced induction","Abgasturbolader, ATL",https://en.wikipedia.org/wiki/Turbocharger,engine
class,supercharger,"engine component, vehicle component",,,,Drehkolbenlader,,,,,,https://en.wikipedia.org/wiki/Supercharger,engine
class,intercooler,"engine component, vehicle component",,,,Ladeluftkühler,,,,,,https://en.wikipedia.org/wiki/Intercooler,turbocharger
class,twincharger,"engine component, vehicle component",,,,Twincharger,,,,,,https://en.wikipedia.org/wiki/Twincharger,turbocharger
class,twin turbo,"engine component, vehicle component",,,,Twinturbo,,,,bi turbo,,https://en.wikipedia.org/wiki/Twin-turbo,turbocharger
class,blowoff valve,"engine component, vehicle component",,,,Umluftventil,,,,,,https://en.wikipedia.org/wiki/Blowoff_valve,turbocharger
class,exhaust system,"engine component, vehicle component, vehicle system",,,,Abgasanlage,,,,,Auspuff,https://en.wikipedia.org/wiki/Exhaust_system,engine
class,exhaust manifold,"engine component, vehicle component",,,,Abgaskrümmer,,,,,,https://en.wikipedia.org/wiki/Exhaust_manifold,exhaust system
class,y pipe,"engine component, vehicle component, pipe",,,,Hosenrohr,,,,,,,exhaust system
class,catalytic converter,"engine component, vehicle component",,,,Fahrzeugkatalysator,,,,,,https://en.wikipedia.org/wiki/Catalytic_converter,exhaust system
class,muffler,"engine component, vehicle component",,,,Schalldämpfer,,,,silencer,,https://en.wikipedia.org/wiki/Muffler,exhaust system
class,tailpipe,"engine component, vehicle component, pipe",,,,Endrohr,,,,exhaust,,,exhaust system
class,diesel particulate filter,"engine component, vehicle component",,,,Dieselrußpartikelfilter,diesel engine,,,DPF,"Dieselrußpartikelfilter, DRPF, Dieselpartikelfilter, DPF, Rußpartikelfilter, RPF, Partikelfilter",https://en.wikipedia.org/wiki/Diesel_particulate_filter,exhaust system
class,gasoline particulate filter,"engine component, vehicle component",,,,Ottopartikelfilter,,,,"petrol particulate filter, OPF",OPF,,exhaust system
class,lambda sensor,"engine component, vehicle component, vehicle sensor",,,,Lambdasonde,,,,oxygen sensor,"Breitbandsonde, Sprungsonde",https://en.wikipedia.org/wiki/Oxygen_sensor#Automotive_applications,exhaust system
class,exhaust gas temperature gauge,"engine component, vehicle component, vehicle sensor",,,,Abgastemperatursensor,,,,"EGT gauge, EGT sensor",Abgastemperatur,https://en.wikipedia.org/wiki/Exhaust_gas_temperature_gauge,exhaust system
class,oil system,"engine component, vehicle component, vehicle system",,,,Motoröl,,,,"lubricant, lubrication",,https://en.wikipedia.org/wiki/Motor_oil,engine
class,oil tank,"engine component, vehicle component",,,,Öltank,,,,,,,oil system
class,oil filter,"engine component, vehicle component",,,,Ölfilter,,,,,,https://en.wikipedia.org/wiki/Oil_filter,oil system
class,oil pump,"engine component, vehicle component",,,,Ölpumpe,,,,,,https://en.wikipedia.org/wiki/Oil_pump_(internal_combustion_engine),oil system
class,oil pan,"engine component, vehicle component",,,,Sumpf,,,,sump,,https://en.wikipedia.org/wiki/Sump,oil system
class,wet sump,"engine component, vehicle component",,,,Nasssumpfschmierung,,,,,,https://en.wikipedia.org/wiki/Wet_sump,oil system
class,dry sump,"engine component, vehicle component",,,,Trockensumpfschmierung,,,,,,https://en.wikipedia.org/wiki/Dry_sump,oil system
class,oil level sensor,"engine component, vehicle component, vehicle sensor",,,,Ölstandsgeber,,,,,,,oil system
class,oil pressure sensor,"engine component, vehicle component, vehicle sensor",,,,Öldrucksensor,,,,,,,oil system
class,fuel system,"engine component, vehicle component, vehicle system",,,,Kraftstoffversorgung,,,,"fuel supply, fuel supply system",,https://en.wikipedia.org/wiki/Fuel_system,engine
class,fuel tank,"engine component, vehicle component",,,,Kraftstofftank,,,,"petrol tank, gas tank",,https://en.wikipedia.org/wiki/Fuel_tank,fuel system
class,fuel pump,"engine component, vehicle component",,,,Kraftstoffpumpe,,,,,,https://en.wikipedia.org/wiki/Fuel_pump,fuel system
class,fuel filter,"engine component, vehicle component",,,,Kraftstofffilter,,,,,,https://en.wikipedia.org/wiki/Fuel_filter,fuel system
class,fuel line,"engine component, vehicle component, line",,,,Kraftstoffleitung,,,,,,https://en.wikipedia.org/wiki/Fuel_line,fuel system
class,fuel injection,"engine component, vehicle component",,,,Kraftstoffeinspritzung,,,,,,https://en.wikipedia.org/wiki/Fuel_injection,fuel system
class,injection pump,"engine component, vehicle component",,,,Einspritzpumpe,diesel engine,,,,,https://en.wikipedia.org/wiki/Injection_pump,fuel system
class,injector,"engine component, vehicle component",,,,Injektor,,,,,,https://en.wikipedia.org/wiki/Injector,fuel system
class,carburetor,"engine component, vehicle component",,,,Vergaser,,,,carburettor,,https://en.wikipedia.org/wiki/Carburetor,fuel system
class,fuel level sensor,"engine component, vehicle component, vehicle sensor",,,,Kraftstoffsensor,,,,,,,fuel system
class,fuel pressure sensor,"engine component, vehicle component, vehicle sensor",,,,Kraftstoffdrucksensor,,,,,,,fuel system
class,ignition system,"engine component, vehicle component, vehicle system",,,,Zündung,,,,,,https://en.wikipedia.org/wiki/Ignition_system,engine
class,distributor,"engine component, vehicle component",,,,Zündverteiler,,,,,,https://en.wikipedia.org/wiki/Distributor,ignition system
class,distributor cap,"engine component, vehicle component",,,,Verteilerkappe,,,,,,,ignition system
class,ignition controller,"engine component, vehicle component",,,,Zündsteuerung,,,,ignition box,,,ignition system
class,ignition coil,"engine component, vehicle component",,,,Zündspule,,,,,,https://en.wikipedia.org/wiki/Ignition_coil,ignition system
class,ignition coil connector,"engine component, vehicle component",,,,Zündspulenverbinder,,,,,,,ignition system
class,ignition magneto,"engine component, vehicle component",,,,Magnetzündung,,,,high-tension magneto,,https://en.wikipedia.org/wiki/Ignition_magneto,ignition system
class,spark plug,"engine component, vehicle component",,,,Zündkerze,,,,"sparking plug, plug",,https://en.wikipedia.org/wiki/Spark_plug,ignition system
class,spark plug wire,"engine component, vehicle component",,,,Zündkerzenkabel,,,,"sparking cable, high tension leads, high tension cables, spark plug wires, spark plug cables, HT leads",,https://en.wikipedia.org/wiki/High_tension_leads,ignition system
class,glow plug,"engine component, vehicle component",,,,Glühkerze,,,,glowplug,,https://en.wikipedia.org/wiki/Glowplug,ignition system
class,cooling system,"engine component, vehicle component, vehicle system",,,,Kühlung,,,,,,https://en.wikipedia.org/wiki/Internal_combustion_engine_cooling,powertrain
class,air cooling,"engine component, vehicle component",,,,Luftkühlung,,,,,,https://en.wikipedia.org/wiki/Air_cooling,cooling system
class,water cooling,"engine component, vehicle component",,,,Wasserkühlung,,,,,,https://en.wikipedia.org/wiki/Water_cooling,cooling system
class,fan,"engine component, vehicle component",,,,Ventilator,,,,,,https://en.wikipedia.org/wiki/Fan_(machine),cooling system
class,fan clutch,"engine component, vehicle component",,,,Lüfterkupplung,,,,,,https://en.wikipedia.org/wiki/Fan_clutch,cooling system
class,radiator,"engine component, vehicle component",,,,Autokühler,,,,,,https://en.wikipedia.org/wiki/Radiator_(engine_cooling),cooling system
class,thermostat,"engine component, vehicle component",,,,Temperaturregler,,,,,,https://en.wikipedia.org/wiki/Thermostat,cooling system
,,,,,,,,,,,,,
class,powertrain component,component,,,,Antriebsstrangskomponente,,,,,,,powertrain
class,transmission,"powertrain component, vehicle component",,,,Getriebe,,,,"gearbox, gear box",Fahrzeuggetriebe,https://en.wikipedia.org/wiki/Transmission_(mechanics),powertrain
class,manual transmission,"transmission, vehicle component",,,,Schaltgetriebe,,,,"MT, manual gearbox, standard transmission, stick shift, stick",,https://en.wikipedia.org/wiki/Manual_transmission,powertrain
class,automatic transmission,"transmission, vehicle component",,,,Automatikgetriebe,,,,"AT, auto",Automatisierte Schaltgetriebe,https://en.wikipedia.org/wiki/Automatic_transmission,powertrain
class,semi automatic transmission,"transmission, vehicle component",,,,Automatisches Kupplungssystem,,,,semi-automatic transmission,AKS,https://en.wikipedia.org/wiki/Semi-automatic_transmission,powertrain
class,flywheel,"powertrain component, vehicle component",,,,Schwungrad,,,,,Schwungmasse,https://en.wikipedia.org/wiki/Flywheel,transmission
class,torque converter,"powertrain component, vehicle component",,,,Drehmomentwandler,,,,,,https://en.wikipedia.org/wiki/Torque_converter,transmission
class,drive chain,"powertrain component, vehicle component",,,,Kettengetriebe,,,,transmission chain,,https://en.wikipedia.org/wiki/Chain_drive,transmission
class,transmission control unit,"powertrain component, vehicle component",,,,Getriebesteuerung,,,,"TCU, transmission control module, TCM, gearbox control unit, GCU",,https://en.wikipedia.org/wiki/Transmission_control_unit,transmission
class,clutch,"powertrain component, vehicle component",,,,Kupplung,,,,,,https://en.wikipedia.org/wiki/Clutch,manual transmission
class,friction drive,"powertrain component, vehicle component",,,,Wälzkörpergetriebe,,,,dry clutch,,https://en.wikipedia.org/wiki/Friction_drive,manual transmission
class,fluid coupling,"powertrain component, vehicle component",,,,hydraulische Kupplung,,,,"hydraulic clutch, hydraulic coupling",,https://en.wikipedia.org/wiki/Fluid_coupling,manual transmission
class,dual clutch transmission,"powertrain component, vehicle component",,,,Doppelkupplungsgetriebe,,,,"dual-clutch transmission, DCT, twin-clutch transmission",,https://en.wikipedia.org/wiki/Dual-clutch_transmission,manual transmission
class,transmission speed sensor,"powertrain component, vehicle component, vehicle sensor",,,,Getriebedrehzahlsensor,,,,automatic transmission speed sensor,Getriebegeschwindigkeitssensor,,transmission
class,transfer box,"powertrain component, vehicle component",,,,Verteilergetriebe,,,,"transfer case, intermediate transmission",,https://en.wikipedia.org/wiki/Transfer_case,powertrain
class,drive shaft,"powertrain component, vehicle component",,,,Antriebswelle,,,,"driveshaft, driving shaft, tailshaft, propeller shaft, prop shaft",,https://en.wikipedia.org/wiki/Drive_shaft,powertrain
class,cardan shaft,"powertrain component, vehicle component",,,,Gelenkwelle,,,,"cardan joint, universal joint, universal coupling",Kardanwelle,https://en.wikipedia.org/wiki/Universal_joint,drive shaft
class,differential,"powertrain component, vehicle component",,,,Differential,,,,"final drive, axle final drive","Differentialgetriebe, Differenzialgetriebe, Ausgleichsgetriebe, Achsdifferential",https://en.wikipedia.org/wiki/Differential_(mechanical_device),powertrain
class,locking differential,"powertrain component, vehicle component",,,,Sperrdifferential,,,,,Selbstsperrdifferentialgetriebe,https://en.wikipedia.org/wiki/Locking_differential,powertrain
class,rear axle differential,"powertrain component, vehicle component",,,,Hinterachsgetriebe,,,,,HAG,,powertrain
class,output shaft,"powertrain component, vehicle component",,,,Ausgangswelle,,,,final drive shaft,Abtriebswelle,,powertrain
,,,,,,,,,,,,,
class,vehicle electrical component,component,,,,Elektronische Fahrzeugkomponente,,,,,,,vehicle electrical system
class,lighting system,"vehicle electrical component, vehicle component, vehicle system",,,,Fahrzeugbeleuchtung,,,,lighting,Beleuchtung,https://en.wikipedia.org/wiki/Automotive_lighting,electrical system
class,front light,"vehicle electrical component, vehicle component, vehicle sensor",,,,,,,,,,,lighting system
class,rear light,"vehicle electrical component, vehicle component, vehicle sensor",,,,,,,,,,,lighting system
class,turn signal,"vehicle electrical component, vehicle component",,,,Fahrtrichtungsanzeiger,,,,"blinker, directional signals, directional, indicator",,https://en.wikipedia.org/wiki/Automotive_lighting#Turn_signals,lighting system
class,light sensor,"vehicle electrical component, vehicle component, vehicle sensor",,,,Lichtsensor,,,,,,,lighting system
class,light switch,"vehicle electrical component, vehicle component, vehicle switch",,,,Lichtschalter,,,,,,,car control
class,head light,"vehicle electrical component, vehicle component",,,,Scheinwerfer,,,,"head lamp, headlamp",Fahrzeugscheinwerfer,https://en.wikipedia.org/wiki/Headlamp,front light
class,low beam,"vehicle electrical component, vehicle component",,,,Abblendlicht,,,,"dipped beam, passing beam, meeting beam",,,front light
class,high beam,"vehicle electrical component, vehicle component",,,,Fernlicht,,,,"main beam, driving beam, full beam",Aufblendlicht,,front light
class,daytime running light,"vehicle electrical component, vehicle component",,,,Tagfahrlicht,,,,,,https://en.wikipedia.org/wiki/Daytime_running_lamp,front light
class,parking light,"vehicle electrical component, vehicle component",,,,Standlicht,,,,,Begrenzungslicht,https://de.wikipedia.org/wiki/Standlicht,front light
class,adaptive front light,"vehicle electrical component, vehicle component",,,,Kurvenlicht,,,,,,,front light
class,fog light,"vehicle electrical component, vehicle component",,,,Nebelscheinwerfer,,,,,,https://en.wikipedia.org/wiki/Automotive_lighting#Front_fog_lamps,front light
class,brake light,"vehicle electrical component, vehicle component",,,,Bremslicht,,,,,Bremsleuchte,https://en.wikipedia.org/wiki/Automotive_lighting#Stop_lamps_(brake_lights),rear light
class,reversing light,"vehicle electrical component, vehicle component",,,,Rückfahrscheinwerfer,,,,,Rückfahrlicht,,rear light
class,side marker light,"vehicle electrical component, vehicle component",,,,Seitenmarkierungsleuchten,,,,,,,lighting system
class,tail light,"vehicle electrical component, vehicle component",,,,Rücklicht,,,,,Schlussleuchte,https://en.wikipedia.org/wiki/Automotive_lighting#Rear_position_lamps_(tail_lamps),rear light
class,rear fog light,"vehicle electrical component, vehicle component",,,,Nebelschlussleuchte,,,,,,,rear light
class,engine bay light,"vehicle electrical component, vehicle component",,,,Motorraumlicht,,,,,,,lighting system
class,airbag system,"vehicle electrical component, vehicle component, safety component, electrical component, vehicle system",,,,Airbagsystem,,,,,,,electrical system
class,airbag,"vehicle electrical component, vehicle component, safety component, electrical component",,,,Airbag,,,,,Aufprallkissen,https://de.wikipedia.org/wiki/Airbag,airbag system
class,airbag sensor,"vehicle electrical component, vehicle component, safety component, electrical component, vehicle sensor",,,,Airbagsensor,,,,,,,airbag system
class,driver airbag,"vehicle electrical component, vehicle component, safety component, electrical component",,,,Fahrerairbag,,,,,,,airbag system
class,passenger airbag,"vehicle electrical component, vehicle component, safety component, electrical component",,,,Beifahrerairbag,,,,front passenger airbag,,,airbag system
class,knee airbag,"vehicle electrical component, vehicle component, safety component, electrical component",,,,Knieairbag,,,,,,,airbag system
class,side airbag,"vehicle electrical component, vehicle component, safety component, electrical component",,,,Seitenairbag,,,,side head airbag,,,airbag system
class,head airbag,"vehicle electrical component, vehicle component, safety component, electrical component",,,,Kopfairbag,,,,,,,airbag system
class,center airbag,"vehicle electrical component, vehicle component, safety component, electrical component",,,,Center Airbag,,,,centre airbag,,,airbag system
class,electronic control unit,"vehicle electrical component, vehicle component, electrical component",,,,Steuergerät,,,,"ecu, electronic control module, control unit",,https://en.wikipedia.org/wiki/Electronic_control_unit,electrical system
class,infotainment,"vehicle electrical component, vehicle component, electrical component",,,,Infotainment,,,,"in vehicle infotainment, in car entertainment",,https://en.wikipedia.org/wiki/In-car_entertainment,electrical system
class,vehicle audio,"vehicle electrical component, vehicle component, electrical component",,,,Autoradio,,,,"radio, car radio, car audio, speaker system",,https://en.wikipedia.org/wiki/Vehicle_audio,infotainment
class,antenna,"vehicle electrical component, vehicle component, electrical component",,,,Antenne,,,,"whip antenna, aerial system",,https://en.wikipedia.org/wiki/Whip_antenna,infotainment
class,in car entertainment,"vehicle electrical component, vehicle component, electrical component",,,,,,,,"in-car entertainment, in-vehicle infotainment, IVI, rear-seat entertainment",,https://en.wikipedia.org/wiki/In-car_entertainment,infotainment
class,backup camera,"vehicle electrical component, vehicle component, electrical component",,,,Rückfahrkamera,,,,"reversing camera, rear-view camera",Rückfahrsystem,https://en.wikipedia.org/wiki/Backup_camera,electrical system
class,surround view,"vehicle electrical component, vehicle component, electrical component",,,,Rundumsicht,,,,omniview,,https://en.wikipedia.org/wiki/Omniview_technology,electrical system
class,parking sensor,"vehicle electrical component, vehicle component, electrical component, vehicle sensor",,,,Einparkhilfe,,,,"park distance control, PDC",,https://en.wikipedia.org/wiki/Parking_sensor,electrical system
class,radar sensor,"vehicle electrical component, vehicle component, electrical component, vehicle sensor",,,,Radarsensor,,,,,,,electrical system
class,ultrasonic sensor,"vehicle electrical component, vehicle component, electrical component, vehicle sensor",,,,Ultraschallsensor,,,,,,,electrical system
class,automobile auxiliary power outlet,"vehicle electrical component, vehicle component, electrical component",,,,Bordspannungssteckdose,,,,"car outlet, automotive power socket, automobile outlet, vehicular outlet, cigarette lighter receptacle, cigar lighter receptacle, CLR, cigar lighter socket",Automobilsteckdose,https://en.wikipedia.org/wiki/Automobile_auxiliary_power_outlet,electrical system
class,on board diagnostics,"vehicle electrical component, vehicle component",,,,On-Board-Diagnose,,,,"on-board diagnostics, OBD",ODB,https://en.wikipedia.org/wiki/On-board_diagnostics,
class,carputer,"vehicle electrical component, vehicle component",,,,Car-PC,,,,,,https://en.wikipedia.org/wiki/Carputer,
class,alarm,"vehicle electrical component, vehicle component, safety component, electrical component",,,,Kfz-Alarmanlage,,,,car alarm,,https://en.wikipedia.org/wiki/Car_alarm,electrical system
class,anti theft system,"vehicle electrical component, vehicle component, safety component, electrical component, vehicle system",,,,Antidiebstahlsystem,,,,,,,electrical system
class,immobiliser,"vehicle electrical component, vehicle component, safety component, electrical component",,,,Wegfahrsperre,,,,"immobilizer, electronic immobiliser, EWS",,https://en.wikipedia.org/wiki/Immobiliser,electrical system
class,vehicle tracking,"vehicle electrical component, vehicle component, safety component, electrical component",,,,Fahrzeugtracking,,,,,,,electrical system
class,car access system,"vehicle electrical component, vehicle component, safety component, vehicle system",,,,,,,,,,,electrical system
class,central locking,"vehicle electrical component, vehicle component, safety component, electrical component",,,,Zentralverriegelung,,,,power door locks,,https://en.wikipedia.org/wiki/Power_door_locks,car access system
class,key,"vehicle electrical component, vehicle component, safety component",,,,Autoschlüssel,,,,,,https://en.wikipedia.org/wiki/Car_key,car access system
class,smart key,"vehicle electrical component, vehicle component, safety component, electrical component",,,,Keyless Go,,,,keyless go,,https://en.wikipedia.org/wiki/Smart_key,car access system
class,comfort access,"vehicle electrical component, vehicle component, electrical component",,,,,,,,contactless tailgate activation,,,car access system
class,remote keyless system,"vehicle electrical component, vehicle component, safety component, electrical component, vehicle system",,,,,,,,"RKS, keyless entry, remote central locking",,https://en.wikipedia.org/wiki/Remote_keyless_system,car access system
class,cable harness,"vehicle electrical component, vehicle component, electrical component",,,,Kabelbaum,,,,"wire harness, wiring harness, cable assembly, wiring assembly, wiring loom",Kabelstrang,https://en.wikipedia.org/wiki/Cable_harness,electrical system
class,air conditioning harness,"vehicle electrical component, vehicle component, electrical component",,,,Klimatisierungskabelbaum,,,,,,,cable harness
class,engine compartment harness,"vehicle electrical component, vehicle component, electrical component",,,,Motorkabelbaum,,,,,,,cable harness
class,interior harness,"vehicle electrical component, vehicle component, electrical component",,,,Innenraumkabelbaum,,,,,,,cable harness
class,floor harness,"vehicle electrical component, vehicle component, electrical component",,,,Bodenkabelbaum,,,,,,,cable harness
class,main harness,"vehicle electrical component, vehicle component, electrical component",,,,Hauptkabelbaum,,,,main wiring harness,Hauptkabelstrang,,cable harness
class,control harness,"vehicle electrical component, vehicle component, electrical component",,,,Steuerungskabelbaum,,,,,,,cable harness
class,fuse box,"vehicle electrical component, vehicle component, electrical component",,,,Elektrischer Verteiler,,,,"distribution board, panelboard, breaker panel, electric panel, DB board, DB box, power distribution box",,https://en.wikipedia.org/wiki/Distribution_board,electrical system
class,fuse,"vehicle electrical component, vehicle component, electrical component",,,,Sicherung,,,,,,https://en.wikipedia.org/wiki/Fuse_(automotive),fuse box
class,telematics,"vehicle electrical component, vehicle component, electrical component",,,,Telematik,,,,,,https://en.wikipedia.org/wiki/Telematics,electrical system
class,navigation system,"vehicle electrical component, vehicle component, electrical component, vehicle system",,,,Navigationssystem,,,,GPS,,https://en.wikipedia.org/wiki/Automotive_navigation_system,infotainment
class,trip computer,"vehicle electrical component, vehicle component, electrical component",,,,Bordcomputer,,,,,,https://en.wikipedia.org/wiki/Trip_computer,electrical system
class,driver assistance system,"vehicle electrical component, vehicle component, electrical component, vehicle system",,,,Fahrerassistenzsystem,,,,"advanced driver assistance system, ADAS, driving assistance, driver assistance, advanced driver-assistance systems",FAS,https://en.wikipedia.org/wiki/Advanced_driver-assistance_systems,electrical system
class,cruise control,"vehicle electrical component, vehicle component, electrical component",,,,Tempomat,,,,"speed control, cruise command, autocruise, tempomat",Geschwindigkeitsregelanlage,https://en.wikipedia.org/wiki/Cruise_control,driver assistance system
class,adaptive cruise control,"vehicle electrical component, vehicle component, electrical component",,,,Abstandsregeltempomat,,,,ACC,,https://en.wikipedia.org/wiki/Adaptive_cruise_control,driver assistance system
class,intelligent speed assistance,"vehicle electrical component, vehicle component, electrical component",,,,Intelligent Speed Adaption,,,,"ISA, intelligent speed adaptation",,https://en.wikipedia.org/wiki/Intelligent_speed_assistance,driver assistance system
class,automatic parking,"vehicle electrical component, vehicle component, electrical component",,,,Autonomes Parken,,,,,,https://en.wikipedia.org/wiki/Automatic_parking,driver assistance system
class,intelligent parking assist system,"vehicle electrical component, vehicle component, electrical component, vehicle system",,,,,,,,IPAS,,https://en.wikipedia.org/wiki/Intelligent_Parking_Assist_System,driver assistance system
class,torque vectoring,"vehicle electrical component, vehicle component, electrical component",,,,Drehmomentverteilung,,,,,,https://en.wikipedia.org/wiki/Torque_vectoring,driver assistance system
class,electronic stability control,"vehicle electrical component, vehicle component, safety component, electrical component",,,,Fahrdynamikregelung,,,,"ESC, electronic stability program, ESP, dynamic stability control, DSC, driving dynamics control",FDR,https://en.wikipedia.org/wiki/Electronic_stability_control,driver assistance system
class,traction control system,"vehicle electrical component, vehicle component, safety component, electrical component, vehicle system",,,,Antriebsschlupfregelung,,,,TCS,ASR,https://en.wikipedia.org/wiki/Traction_control_system,driver assistance system
class,anti lock braking system,"vehicle electrical component, vehicle component, safety component, electrical component, vehicle system",,,,Antiblockiersystem,,,,"anti-lock braking system, ABS",ABS,https://en.wikipedia.org/wiki/Anti-lock_braking_system,driver assistance system
class,lane departure warning system,"vehicle electrical component, vehicle component, safety component, electrical component, vehicle system",,,,Spurhalteassistent,,,,"LDWS, lane departure warning",,https://en.wikipedia.org/wiki/Lane_departure_warning_system,driver assistance system
class,collision avoidance system,"vehicle electrical component, vehicle component, safety component, electrical component, vehicle system",,,,Notbremsassistent,,,,CAS,,https://en.wikipedia.org/wiki/Collision_avoidance_system,driver assistance system
class,driver drowsiness detection,"vehicle electrical component, vehicle component, safety component, electrical component",,,,Aufmerksamkeitsassistent,,,,"DDD, Active Driving Assistant, Attention Assistant",,https://en.wikipedia.org/wiki/Driver_drowsiness_detection,driver assistance system
class,automotive night vision,"vehicle electrical component, vehicle component, safety component, electrical component",,,,Nachtsicht-Assistent,,,,,,https://en.wikipedia.org/wiki/Automotive_night_vision,driver assistance system
class,high beam assistant,"vehicle electrical component, vehicle component, safety component, electrical component",,,,Fernlicht Assistent,,,,,FLA,,driver assistance system
class,pedestrian protection,"vehicle electrical component, vehicle component, safety component, electrical component",,,,Fußgängerschutz,,,,active pedestrian protection,,,driver assistance system
class,crossing traffic warning,"vehicle electrical component, vehicle component, safety component, electrical component",,,,,,,,,,,driver assistance system
class,emergency call system,"vehicle electrical component, vehicle component, safety component, electrical component, vehicle system",,,,Notrufsystem,,,,,,,electrical system
class,restraint system,"vehicle electrical component, vehicle component, safety component, electrical component, vehicle system",,,,Rückhaltesystem,,,,,,,electrical system
class,crash detection sensor,"vehicle electrical component, vehicle component, safety component, electrical component",,,,,,,,,,,electrical system
class,can bus,"vehicle electrical component, vehicle component",,,CAN bus,,,,,Controller Area Network (CAN),,https://en.wikipedia.org/wiki/CAN_bus,electrical system
class,error memory,"vehicle electrical component, vehicle component",,,,Fehlerspeicher,,,is stored in the EEPROM,fault memory,,https://de.wikipedia.org/wiki/Fehlerspeicher,electronic control unit
,,,,,,,,,,,,,
class,operating liquid,"operating material, liquid material",,,,Betriebsflüssigkeit,,,,,,,
class,lubricant,operating liquid,,,,Schmierstoff,,,,,,,
class,brake fluid,operating liquid,,,,Bremsflüssigkeit,,,,,,,
class,additive,operating liquid,,,,Additiv,,,,,,,
class,battery acid,operating liquid,,,,Batteriesäure,,,,,,,
class,automatic transmission fluid,operating liquid,,,,Automatikgetriebeöl,,,,,,,
class,hydraulic fluid,operating liquid,,,,Hydraulikflüssigkeit,,,,,,,
class,washer fluid,operating liquid,,,,Waschwasser,,,,,,,
class,refrigerant,operating liquid,,,,Kältemittel,,,,,,,
class,transmission oil,operating liquid,,,,Getriebeöl,,,,,,,
class,reductant,operating liquid,,,,Reduktionsmittel,,,,,,,
class,coolant,operating liquid,,,,Kühlmittel,,,,,,,
,,,,,,,,,,,,,
,,,,,,,,,,,,,
