ontology,class,attribute,data_type,relation,object
UpperOntology,cx:Action,,,cx:isInvolvedIn,cx:Process
UpperOntology,cx:Action,,,cx:isInvolvedIn,cx:Action
DiagnosisOntology,cx:ActualCause,,,cx:hasCauseType,cx:CauseType
CommonOntology,cx:Assembly,,,cx:produces,cx:Product
ProductionOntology,cx:AssemblyEvent,cx:assemblyCompleted,xsd:boolean,,
ProductionOntology,cx:AssemblyEvent,cx:assemblyCountry,xsd:string,,
ProductionOntology,cx:AssemblyEvent,cx:assemblyDatetime,xsd:dateTime,,
ProductionOntology,cx:AssemblyEvent,cx:assemblyEventId,xsd:string,,
ProductionOntology,cx:AssemblyEvent,,,cx:isInvolvedIn,cx:AssemblyProcess
ProductionOntology,cx:AssemblyEvent,,,cx:isLocatedIn,cx:Plant
ProductionOntology,cx:AssemblyProcess,cx:assemblyProcessId,xsd:string,,
ProductionOntology,cx:AssemblyProcess,cx:assemblyProcessName,xsd:string,,
ProductionOntology,cx:AssemblyProcess,,,cx:isLocatedIn,cx:Plant
CommonOntology,cx:Asset,,,cx:isOwnedBy,cx:BusinessPartner
CommonOntology,cx:Asset,,,cx:isProvisionedBy,cx:BusinessPartner
PartOntology,cx:BatchPart,cx:batchNumber,xsd:string,,
PartOntology,cx:BatchPart,cx:batchProductionDate,xsd:date,,
PartOntology,cx:BatchPart,cx:batchProductionDateTime,xsd:dateTime,,
PartOntology,cx:BatchPart,,,cx:isAffectedIn,cx:IncidentReport
PartOntology,cx:BatchPart,,,cx:isItemOf,cx:Vehicle
PrognosisOntology,cx:BatteryHealthCondition,cx:batteryStateOfHealth,xsd:double,,
CommonOntology,cx:Bill,,,cx:hasBillingAddress,cx:BillingAddress
BillOfMaterialOntology,cx:BillOfMaterial,cx:billOfMaterialCurrency,xsd:string,,
BillOfMaterialOntology,cx:BillOfMaterial,cx:billOfMaterialId,xsd:string,,
BillOfMaterialOntology,cx:BillOfMaterial,cx:billOfMaterialName,xsd:string,,
BillOfMaterialOntology,cx:BillOfMaterial,cx:billOfMaterialPrice,xsd:decimal,,
BillOfMaterialOntology,cx:BillOfMaterial,cx:billOfMaterialQuantity,xsd:integer,,
BillOfMaterialOntology,cx:BillOfMaterial,cx:billOfMaterialUnit,xsd:string,,
MaterialOntology,cx:BuildingMaterial,,,cx:isPartOf,cx:Building
VehicleOntology,cx:BusDriver,,,cx:drives,cx:Bus
VehicleOntology,cx:BusDriver,,,cx:drives,cx:Coach
AddressOntology,cx:BusinessAddress,cx:companyName,xsd:string,,
ContactOntology,cx:BusinessContact,,,cx:hasBusinessAddress,cx:BusinessAddress
CommonOntology,cx:BusinessPartner,cx:businessPartnerNumber,xsd:string,,
CommonOntology,cx:BusinessPartner,cx:businessPartnerNumberType,xsd:string,,
CommonOntology,cx:BusinessPartner,,,cx:hasConnector,cx:EclipseDataspaceConnector
CommonOntology,cx:BusinessPartner,,,cx:hasRole,cx:Role
VehicleOntology,cx:Cargo,,,cx:isTransportedBy,cx:TransportVehicle
PersonOntology,cx:Child,,,cx:isChildOf,cx:Person
CountryOntology,cx:City,cx:cityName,xsd:string,,
CountryOntology,cx:City,,,cx:isLocatedIn,cx:Country
VehicleOntology,cx:CommercialVehicle,,,cx:isOwnedBy,cx:Organisation
CommonOntology,cx:Company,cx:companyName,xsd:string,,
CommonOntology,cx:Company,,,cx:isAffectedIn,cx:IncidentReport
CommonOntology,cx:Company,,,cx:receives,cx:IncidentReport
VehicleOntology,cx:CompanyVehicle,,,cx:isOwnedBy,cx:Organisation
CommonOntology,cx:Component,,,cx:hasBillOfMaterial,cx:BillOfMaterial
PartOntology,cx:ConstructionPart,cx:partCadFile,xsd:string,,
PartOntology,cx:ConstructionPart,cx:partNumber,xsd:string,,
PartOntology,cx:ConstructionPart,cx:partVersion,xsd:string,,
PartOntology,cx:ConstructionPart,,,cx:isItemOf,cx:EngineeringBillOfMaterial
CommonOntology,cx:Contact,cx:affiliation,xsd:string,,
ContactOntology,cx:Contact,cx:affiliation,xsd:string,,
CommonOntology,cx:Contact,cx:contactChannel,xsd:string,,
ContactOntology,cx:Contact,cx:contactChannel,xsd:string,,
CommonOntology,cx:Contact,cx:contactHours,xsd:string,,
ContactOntology,cx:Contact,cx:contactHours,xsd:string,,
CommonOntology,cx:Contact,cx:contactId,xsd:string,,
ContactOntology,cx:Contact,cx:contactId,xsd:string,,
CommonOntology,cx:Contact,cx:contactLanguage,xsd:string,,
ContactOntology,cx:Contact,cx:contactLanguage,xsd:string,,
CommonOntology,cx:Contact,cx:contactName,xsd:string,,
ContactOntology,cx:Contact,cx:contactName,xsd:string,,
CommonOntology,cx:Contact,cx:email,xsd:string,,
ContactOntology,cx:Contact,cx:email,xsd:string,,
CommonOntology,cx:Contact,cx:faxNumber,xsd:string,,
ContactOntology,cx:Contact,cx:faxNumber,xsd:string,,
CommonOntology,cx:Contact,cx:linkedIn,xsd:string,,
ContactOntology,cx:Contact,cx:linkedIn,xsd:string,,
CommonOntology,cx:Contact,cx:mobileNumber,xsd:string,,
ContactOntology,cx:Contact,cx:mobileNumber,xsd:string,,
CommonOntology,cx:Contact,cx:telephoneNumber,xsd:string,,
ContactOntology,cx:Contact,cx:telephoneNumber,xsd:string,,
CommonOntology,cx:Contact,cx:website,xsd:string,,
ContactOntology,cx:Contact,cx:website,xsd:string,,
CommonOntology,cx:Contact,cx:xing,xsd:string,,
ContactOntology,cx:Contact,cx:xing,xsd:string,,
CommonOntology,cx:Contact,,,cx:hasLocation,cx:Place
CommonOntology,cx:Contact,,,cx:hasStreetAddress,cx:StreetAddress
CommonOntology,cx:Contact,,,cx:isWrittenIn,cx:VCard
ContactOntology,cx:Contact,,,cx:hasLocation,cx:Place
ContactOntology,cx:Contact,,,cx:hasStreetAddress,cx:StreetAddress
ContactOntology,cx:Contact,,,cx:isWrittenIn,cx:VCard
CommonOntology,cx:Country,cx:countryCode2,xsd:string,,
CountryOntology,cx:Country,cx:countryCode2,xsd:string,,
CommonOntology,cx:Country,cx:countryCode3,xsd:string,,
CountryOntology,cx:Country,cx:countryCode3,xsd:string,,
CommonOntology,cx:Country,cx:countryName,xsd:string,,
CountryOntology,cx:Country,cx:countryName,xsd:string,,
CommonOntology,cx:Country,cx:countryNumber,xsd:integer,,
CountryOntology,cx:Country,cx:countryNumber,xsd:integer,,
CommonOntology,cx:Country,cx:wikidata,xsd:anyURI,,
CountryOntology,cx:Country,cx:wikidata,xsd:anyURI,,
CommonOntology,cx:Country,,,cx:hasCapitalCity,cx:CapitalCity
CommonOntology,cx:Country,,,cx:isLocatedIn,cx:Continent
CountryOntology,cx:Country,,,cx:hasCapitalCity,cx:CapitalCity
CountryOntology,cx:Country,,,cx:isLocatedIn,cx:Continent
CurrencyOntology,cx:Currency,cx:currencyCode,xsd:string,,
CurrencyOntology,cx:Currency,cx:currencyFractionalUnit,xsd:string,,
CurrencyOntology,cx:Currency,cx:currencyName,xsd:string,,
CurrencyOntology,cx:Currency,cx:currencyNumber,xsd:integer,,
CurrencyOntology,cx:Currency,cx:currencySymbol,xsd:string,,
CurrencyOntology,cx:Currency,,,cx:isUsedIn,cx:Country
CommonOntology,cx:Customer,,,cx:purchases,cx:Product
CommonOntology,cx:Customer,,,cx:purchasesFrom,cx:Seller
CommonOntology,cx:Delivery,,,cx:hasDeliveryAddress,cx:DeliveryAddress
CommonOntology,cx:Delivery,,,cx:hasPostOfficeBox,cx:PostOfficeBox
CommonOntology,cx:Delivery,,,cx:hasReturnAddress,cx:ReturnAddress
DiagnosisOntology,cx:DiagnosticTroubleCode,cx:diagnosticTroubleCodeId,xsd:string,,
DiagnosisOntology,cx:DiagnosticTroubleCode,cx:diagnosticTroubleCodeName,xsd:string,,
DiagnosisOntology,cx:DiagnosticTroubleCode,,,cx:hasEncoding,cx:Encoding
DiagnosisOntology,cx:DiagnosticTroubleCode,,,cx:hasPossibleCause,cx:PossibleCause
DiagnosisOntology,cx:DiagnosticTroubleCode,,,cx:isStoredIn,cx:ErrorMemory
VehicleOntology,cx:DieselVehicle,,,cx:hasPart,cx:DieselEngine
CommonOntology,cx:DinStandard,cx:dinName,xsd:string,,
CommonOntology,cx:DinStandard,cx:dinNumber,xsd:string,,
ProductionOntology,cx:DisassemblyEvent,cx:disassemblyDatetime,xsd:dateTime,,
ProductionOntology,cx:DisassemblyEvent,cx:disassemblyId,xsd:string,,
ProductionOntology,cx:DisassemblyEvent,,,cx:disassembledFrom,cx:Part
ProductionOntology,cx:DisassemblyEvent,,,cx:disassembledPart,cx:Part
CommonOntology,cx:Disposer,,,cx:disposes,cx:Product
VehicleOntology,cx:Driver,,,cx:drives,cx:Vehicle
CommonOntology,cx:EclipseDataspaceConnector,cx:eclipseDataspaceConnectorId,xsd:string,,
CommonOntology,cx:EclipseDataspaceConnector,cx:eclipseDataspaceConnectorUrl,xsd:string,,
VehicleOntology,cx:ElectricVehicle,,,cx:hasPart,cx:ElectricMotor
VehicleOntology,cx:ElectricVehicle,,,cx:hasPart,cx:HighVoltageBattery
PartOntology,cx:ElectronicPart,cx:hardwareVersion,xsd:string,,
PartOntology,cx:ElectronicPart,cx:partGeneration,xsd:string,,
PartOntology,cx:ElectronicPart,cx:softwareVersion,xsd:string,,
CommonOntology,cx:Employee,cx:employeeId,xsd:string,,
CommonOntology,cx:Employee,,,cx:worksFor,cx:Organisation
CommonOntology,cx:Encoding,cx:encodingExample,xsd:string,,
EncodingOntology,cx:Encoding,cx:encodingExample,xsd:string,,
CommonOntology,cx:Encoding,cx:encodingName,xsd:string,,
EncodingOntology,cx:Encoding,cx:encodingName,xsd:string,,
CommonOntology,cx:Encoding,cx:encodingRange,xsd:string,,
EncodingOntology,cx:Encoding,cx:encodingRange,xsd:string,,
CommonOntology,cx:Encoding,cx:encodingStandard,xsd:string,,
EncodingOntology,cx:Encoding,cx:encodingStandard,xsd:string,,
CommonOntology,cx:Encoding,cx:numberOfDigits,xsd:integer,,
EncodingOntology,cx:Encoding,cx:numberOfDigits,xsd:integer,,
CommonOntology,cx:Encoding,cx:numberOfTokens,xsd:integer,,
EncodingOntology,cx:Encoding,cx:numberOfTokens,xsd:integer,,
CommonOntology,cx:Encoding,,,cx:isEncodedBy,cx:Token
EncodingOntology,cx:Encoding,,,cx:isEncodedBy,cx:Token
PrognosisOntology,cx:EngineHealthCondition,cx:engineStateOfHealth,xsd:double,,
MaterialOntology,cx:EngineeringMaterial,cx:engineeringMaterialName,xsd:string,,
MaterialOntology,cx:EngineeringMaterial,cx:engineeringMaterialNumber,xsd:string,,
MaterialOntology,cx:EngineeringMaterial,,,cx:contains,cx:RawMaterial
MaterialOntology,cx:EngineeringMaterial,,,cx:isMadeOf,cx:RawMaterial
MaterialOntology,cx:EngineeringMaterial,,,cx:isPartOf,cx:Product
MaterialOntology,cx:EngineeringMaterial,,,cx:participatesIn,cx:Process
ErrorOntology,cx:Error,cx:errorClass,xsd:string,,
ErrorOntology,cx:Error,cx:errorDescription,xsd:string,,
ErrorOntology,cx:Error,cx:errorEndDate,xsd:date,,
ErrorOntology,cx:Error,cx:errorId,xsd:string,,
ErrorOntology,cx:Error,cx:errorName,xsd:string,,
ErrorOntology,cx:Error,cx:errorStartDate,xsd:date,,
ErrorOntology,cx:Error,,,cx:hasEffect,cx:ErrorEffect
ErrorOntology,cx:Error,,,cx:hasSolution,cx:ErrorSolution
ErrorOntology,cx:Error,,,cx:isCausedBy,cx:ErrorCause
ErrorOntology,cx:Error,,,cx:isDefinedBy,cx:BusinessPartner
ErrorOntology,cx:Error,,,cx:isLocatedIn,cx:ErrorPosition
ErrorOntology,cx:Error,,,cx:isLocatedIn,cx:ErrorLocation
ErrorOntology,cx:Error,,,cx:isTypedBy,cx:ErrorType
ErrorOntology,cx:ErrorCondition,,,cx:isConditionedBy,cx:Error
ErrorOntology,cx:ErrorDetection,,,cx:detects,cx:Error
CommonOntology,cx:EuropeanNorm,cx:enName,xsd:string,,
CommonOntology,cx:EuropeanNorm,cx:enNumber,xsd:string,,
UpperOntology,cx:Event,cx:actionId,xsd:string,,
UpperOntology,cx:Event,cx:actionName,xsd:string,,
UpperOntology,cx:Event,cx:eventDate,xsd:date,,
UpperOntology,cx:Event,cx:eventDuration,xsd:integer,,
UpperOntology,cx:Event,cx:eventId,xsd:string,,
UpperOntology,cx:Event,cx:eventLocation,xsd:string,,
UpperOntology,cx:Event,cx:eventName,xsd:string,,
UpperOntology,cx:Event,cx:eventType,xsd:string,,
CurrencyOntology,cx:ExchangeRate,cx:exchangeRateDatetime,xsd:dateTime,,
CurrencyOntology,cx:ExchangeRate,cx:exchangeRateProvider,xsd:string,,
CurrencyOntology,cx:ExchangeRate,cx:exchangeRateValue,xsd:decimal,,
CurrencyOntology,cx:ExchangeRate,,,cx:exchangeRateFromCurrency,cx:Currency
CurrencyOntology,cx:ExchangeRate,,,cx:exchangeRateToCurrency,cx:Currency
ErrorOntology,cx:Failure,,,cx:isCausedBy,cx:Error
CommonOntology,cx:FinalCustomer,cx:finalCustomerId,xsd:string,,
CommonOntology,cx:FinalCustomer,,,cx:purchases,cx:FinalProduct
CommonOntology,cx:FinalProduct,,,cx:hasBillOfMaterial,cx:BillOfMaterial
EncodingOntology,cx:FixedLengthToken,cx:tokenLength,xsd:integer,,
VehicleOntology,cx:FleetVehicle,,,cx:isPartOf,cx:Fleet
IncidentOntology,cx:Incident,cx:incidentCause,xsd:string,,
IncidentOntology,cx:Incident,cx:incidentDamage,xsd:string,,
IncidentOntology,cx:Incident,cx:incidentDateTime,xsd:dateTime,,
IncidentOntology,cx:Incident,cx:incidentDescription,xsd:string,,
IncidentOntology,cx:Incident,cx:incidentDuration,xsd:string,,
IncidentOntology,cx:Incident,cx:incidentHazard,xsd:string,,
IncidentOntology,cx:Incident,cx:incidentImpact,xsd:string,,
IncidentOntology,cx:Incident,cx:incidentInjury,xsd:string,,
IncidentOntology,cx:Incident,cx:incidentLocation,xsd:string,,
IncidentOntology,cx:Incident,cx:incidentPrevention,xsd:string,,
IncidentOntology,cx:Incident,cx:incidentRisk,xsd:string,,
IncidentOntology,cx:Incident,cx:incidentSeverity,xsd:string,,
IncidentOntology,cx:Incident,cx:incidentTitle,xsd:string,,
IncidentOntology,cx:Incident,cx:incidentType,xsd:string,,
IncidentOntology,cx:Incident,cx:incidentUrgency,xsd:string,,
IncidentOntology,cx:Incident,,,cx:affects,cx:IncidentAffectedPerson
IncidentOntology,cx:Incident,,,cx:affects,cx:IncidentAffectedCompany
IncidentOntology,cx:Incident,,,cx:isCausedBy,cx:IncidentCausingPerson
IncidentOntology,cx:Incident,,,cx:isCausedBy,cx:IncidentCausingCompany
IncidentOntology,cx:Incident,,,cx:isLocatedIn,cx:Place
IncidentOntology,cx:Incident,,,cx:isLocatedIn,cx:StreetAddress
IncidentOntology,cx:Incident,,,cx:isRecordedBy,cx:IncidentReport
IncidentOntology,cx:Incident,,,cx:isWitnessedBy,cx:IncidentWitness
IncidentOntology,cx:IncidentAffectedCompany,,,cx:hasContact,cx:BusinessContact
IncidentOntology,cx:IncidentAffectedCompany,,,cx:isAffectedBy,cx:Incident
IncidentOntology,cx:IncidentAffectedCompany,,,cx:isLocatedIn,cx:BusinessAddress
IncidentOntology,cx:IncidentAffectedPerson,,,cx:isAffectedBy,cx:Incident
IncidentOntology,cx:IncidentCausingCompany,,,cx:causes,cx:Incident
IncidentOntology,cx:IncidentCausingCompany,,,cx:hasContact,cx:BusinessContact
IncidentOntology,cx:IncidentCausingCompany,,,cx:isLocatedIn,cx:BusinessAddress
IncidentOntology,cx:IncidentCausingPerson,,,cx:causes,cx:Incident
IncidentOntology,cx:IncidentReport,cx:incidentReportAnonymousFlag,xsd:boolean,,
IncidentOntology,cx:IncidentReport,cx:incidentReportDateTime,xsd:dateTime,,
IncidentOntology,cx:IncidentReport,cx:incidentReportEvidenceAttachment,xsd:anyURI,,
IncidentOntology,cx:IncidentReport,cx:incidentReportId,xsd:string,,
IncidentOntology,cx:IncidentReport,cx:incidentReportStatus,xsd:string,,
IncidentOntology,cx:IncidentReport,cx:notifiedAuthority,xsd:string,,
IncidentOntology,cx:IncidentReport,,,cx:isCreatedBy,cx:IncidentReporter
IncidentOntology,cx:IncidentReport,,,cx:isReceivedBy,cx:Company
IncidentOntology,cx:IncidentReport,,,cx:isReceivedBy,cx:Organisation
IncidentOntology,cx:IncidentReportReception,cx:incidentReportReceptionDateTime,xsd:string,,
IncidentOntology,cx:IncidentReporter,cx:incidentReporterCompany,xsd:string,,
IncidentOntology,cx:IncidentReporter,cx:incidentReporterId,xsd:string,,
IncidentOntology,cx:IncidentReporter,cx:incidentReporterName,xsd:string,,
IncidentOntology,cx:IncidentReporter,cx:incidentReporterSignature,xsd:string,,
IncidentOntology,cx:IncidentReporter,,,cx:hasContact,cx:Contact
IncidentOntology,cx:IncidentReporter,,,cx:isLocatedIn,cx:StreetAddress
IncidentOntology,cx:IncidentWitness,,,cx:witnessed,cx:Incident
VehicleOntology,cx:InternalCombustionEngineVehicle,,,cx:hasPart,cx:Engine
CommonOntology,cx:IsoStandard,cx:isoName,xsd:string,,
CommonOntology,cx:IsoStandard,cx:isoNumber,xsd:string,,
CommonOntology,cx:Language,cx:languageCode2,xsd:string,,
LanguageOntology,cx:Language,cx:languageCode2,xsd:string,,
CommonOntology,cx:Language,cx:languageCode3,xsd:anyURI,,
LanguageOntology,cx:Language,cx:languageCode3,xsd:anyURI,,
CommonOntology,cx:Language,cx:languageName,xsd:string,,
LanguageOntology,cx:Language,cx:languageName,xsd:string,,
CommonOntology,cx:Language,,,cx:isUnderstoodBy,cx:Person
LanguageOntology,cx:Language,,,cx:isUnderstoodBy,cx:Person
LoadSpectrumOntology,cx:LoadSpectrum,cx:loadSpectrumDescription,xsd:string,,
LoadSpectrumOntology,cx:LoadSpectrum,cx:loadSpectrumEndDatetime,xsd:dateTime,,
LoadSpectrumOntology,cx:LoadSpectrum,cx:loadSpectrumId,xsd:string,,
LoadSpectrumOntology,cx:LoadSpectrum,cx:loadSpectrumName,xsd:string,,
LoadSpectrumOntology,cx:LoadSpectrum,cx:loadSpectrumStartDatetime,xsd:dateTime,,
LoadSpectrumOntology,cx:LoadSpectrum,cx:loadSpectrumType,xsd:string,,
LoadSpectrumOntology,cx:LoadSpectrum,,,cx:hasLoadSpectrumChannel,cx:LoadSpectrumChannel
LoadSpectrumOntology,cx:LoadSpectrum,,,cx:hasLoadSpectrumValues,cx:LoadSpectrumValues
LoadSpectrumOntology,cx:LoadSpectrumChannel,cx:loadSpectrumChannelLowerLimit,xsd:float,,
LoadSpectrumOntology,cx:LoadSpectrumChannel,cx:loadSpectrumChannelName,xsd:string,,
LoadSpectrumOntology,cx:LoadSpectrumChannel,cx:loadSpectrumChannelNumberOfBins,xsd:integer,,
LoadSpectrumOntology,cx:LoadSpectrumChannel,cx:loadSpectrumChannelType,xsd:string,,
LoadSpectrumOntology,cx:LoadSpectrumChannel,cx:loadSpectrumChannelUnit,xsd:string,,
LoadSpectrumOntology,cx:LoadSpectrumChannel,cx:loadSpectrumChannelUpperLimit,xsd:float,,
LoadSpectrumOntology,cx:LoadSpectrumValues,cx:loadSpectrumChannelIndex,xsd:string,,
LoadSpectrumOntology,cx:LoadSpectrumValues,cx:loadSpectrumChannelValues,xsd:string,,
LoadSpectrumOntology,cx:LoadSpectrumValues,cx:loadSpectrumCountingMethod,xsd:string,,
LoadSpectrumOntology,cx:LoadSpectrumValues,cx:loadSpectrumCountingUnit,xsd:string,,
CommonOntology,cx:Logistics,,,cx:transport,cx:Material
CommonOntology,cx:Mail,,,cx:hasPostOfficeBox,cx:PostOfficeBox
CommonOntology,cx:Mail,,,cx:hasPostalAddress,cx:PostalAddress
CommonOntology,cx:Mail,,,cx:hasReturnAddress,cx:ReturnAddress
CommonOntology,cx:Manufacturer,cx:manufacturerId,xsd:string,,
CommonOntology,cx:Manufacturer,cx:manufacturerName,xsd:string,,
CommonOntology,cx:Manufacturer,,,cx:isSuppliedBy,cx:PartSupplier
CommonOntology,cx:Manufacturer,,,cx:isSuppliedBy,cx:Supplier
CommonOntology,cx:Manufacturer,,,cx:produces,cx:Product
CommonOntology,cx:Manufacturing,,,cx:produces,cx:Product
BillOfMaterialOntology,cx:ManufacturingBillOfMaterial,cx:productionEndDatetime,xsd:dateTime,,
BillOfMaterialOntology,cx:ManufacturingBillOfMaterial,cx:productionStartDatetime,xsd:dateTime,,
BillOfMaterialOntology,cx:ManufacturingBillOfMaterial,,,cx:hasAssemblyEvent,cx:AssemblyEvent
MaterialOntology,cx:Material,cx:materialId,xsd:string,,
MaterialOntology,cx:Material,cx:materialName,xsd:string,,
MaterialOntology,cx:Material,,,cx:hasMaterialProperty,cx:MaterialProperty
MaterialOntology,cx:Material,,,cx:isItemOf,cx:BillOfMaterial
MaterialOntology,cx:Material,,,cx:isStoredIn,cx:MaterialStorage
MaterialOntology,cx:MaterialInformation,cx:informationSource,xsd:string,,
MaterialOntology,cx:MaterialManufacturer,,,cx:produces,cx:Material
MaterialOntology,cx:MaterialSupplier,,,cx:supplies,cx:Material
UpperOntology,cx:MaterialThing,,,cx:hasPortion,cx:MaterialThing
UpperOntology,cx:MaterialThing,,,cx:isPortionOf,cx:MaterialThing
IncidentOntology,cx:MedicalTreatment,cx:medicalTreatmentDescription,xsd:string,,
IncidentOntology,cx:MedicalTreatment,cx:medicalTreatmentName,xsd:string,,
IncidentOntology,cx:MedicalTreatment,,,cx:isProvidedFor,cx:Incident
CommonOntology,cx:Offer,,,cx:isOfferedBy,cx:Organisation
CommonOntology,cx:Offer,,,cx:isOfferedBy,cx:Person
BillOfMaterialOntology,cx:OrderBillOfMaterial,,,cx:hasAssemblyProcess,cx:AssemblyProcess
BillOfMaterialOntology,cx:OrderBillOfMaterial,,,cx:hasOrder,cx:Order
UpperOntology,cx:Organisation,,,cx:hasAddress,cx:Address
UpperOntology,cx:Organisation,,,cx:hasBusinessAddress,cx:BusinessAddress
UpperOntology,cx:Organisation,,,cx:hasContact,cx:Contact
UpperOntology,cx:Organisation,,,cx:isMemberOf,cx:Consortium
UpperOntology,cx:Organisation,,,cx:makesOffer,cx:Offer
UpperOntology,cx:Organisation,,,cx:receives,cx:IncidentReport
VehicleOntology,cx:Owner,,,cx:owns,cx:Vehicle
PersonOntology,cx:Parent,,,cx:isParentOf,cx:Person
PartOntology,cx:Part,cx:partId,xsd:string,,
PartOntology,cx:Part,cx:partName,xsd:string,,
PartOntology,cx:Part,cx:partProductionDate,xsd:date,,
PartOntology,cx:Part,cx:partProductionDateTime,xsd:dateTime,,
PartOntology,cx:Part,cx:partSeries,xsd:string,,
PartOntology,cx:Part,,,cx:hasBillOfMaterial,cx:BillOfMaterial
PartOntology,cx:Part,,,cx:hasError,cx:VehicleError
PartOntology,cx:Part,,,cx:hasLoadSpectrum,cx:LoadSpectrum
PartOntology,cx:Part,,,cx:isAffectedIn,cx:IncidentReport
PartOntology,cx:Part,,,cx:isChildOf,cx:Part
PartOntology,cx:Part,,,cx:isItemOf,cx:BillOfMaterial
PartOntology,cx:Part,,,cx:isParentOf,cx:Part
PartOntology,cx:Part,,,cx:isPartOf,cx:Vehicle
PartOntology,cx:Part,,,cx:isPartOf,cx:Part
PartOntology,cx:Part,,,cx:isProducedBy,cx:PartManufacturer
PartOntology,cx:Part,,,cx:isReasonOf,cx:PossibleCause
PartOntology,cx:PartManufacturer,,,cx:produces,cx:Part
PartOntology,cx:PartSupplier,,,cx:supplies,cx:Part
VehicleOntology,cx:Passenger,,,cx:isTransportedBy,cx:Vehicle
VehicleOntology,cx:PassengerVehicle,,,cx:transports,cx:Passenger
PersonOntology,cx:Person,cx:firstName,xsd:string,,
UpperOntology,cx:Person,cx:firstName,xsd:string,,
PersonOntology,cx:Person,cx:fullName,xsd:string,,
UpperOntology,cx:Person,cx:fullName,xsd:string,,
PersonOntology,cx:Person,cx:lastName,xsd:string,,
UpperOntology,cx:Person,cx:lastName,xsd:string,,
PersonOntology,cx:Person,cx:maidenName,xsd:string,,
UpperOntology,cx:Person,cx:maidenName,xsd:string,,
PersonOntology,cx:Person,cx:middleName,xsd:string,,
UpperOntology,cx:Person,cx:middleName,xsd:string,,
PersonOntology,cx:Person,cx:personId,xsd:string,,
UpperOntology,cx:Person,cx:personId,xsd:string,,
PersonOntology,cx:Person,,,cx:hasAddress,cx:Address
PersonOntology,cx:Person,,,cx:hasBusinessAddress,cx:BusinessAddress
PersonOntology,cx:Person,,,cx:hasContact,cx:Contact
PersonOntology,cx:Person,,,cx:hasPrivateAddress,cx:PrivateAddress
PersonOntology,cx:Person,,,cx:isCitizenOf,cx:Country
PersonOntology,cx:Person,,,cx:isMemberOf,cx:Project
PersonOntology,cx:Person,,,cx:knows,cx:Person
PersonOntology,cx:Person,,,cx:makesOffer,cx:Offer
PersonOntology,cx:Person,,,cx:speaks,cx:Language
PersonOntology,cx:Person,,,cx:understands,cx:Language
UpperOntology,cx:Person,,,cx:hasAddress,cx:Address
UpperOntology,cx:Person,,,cx:hasBusinessAddress,cx:BusinessAddress
UpperOntology,cx:Person,,,cx:hasContact,cx:Contact
UpperOntology,cx:Person,,,cx:hasPrivateAddress,cx:PrivateAddress
UpperOntology,cx:Person,,,cx:isCitizenOf,cx:Country
UpperOntology,cx:Person,,,cx:isMemberOf,cx:Project
UpperOntology,cx:Person,,,cx:knows,cx:Person
UpperOntology,cx:Person,,,cx:makesOffer,cx:Offer
UpperOntology,cx:Person,,,cx:speaks,cx:Language
UpperOntology,cx:Person,,,cx:understands,cx:Language
PersonOntology,cx:PersonalInformation,cx:academicTitle,xsd:string,,
PersonOntology,cx:PersonalInformation,cx:age,xsd:integer,,
PersonOntology,cx:PersonalInformation,cx:birthDate,xsd:date,,
PersonOntology,cx:PersonalInformation,cx:birthPlace,xsd:string,,
PersonOntology,cx:PersonalInformation,cx:deathDate,xsd:date,,
PersonOntology,cx:PersonalInformation,cx:deathPlace,xsd:string,,
PersonOntology,cx:PersonalInformation,cx:gender,xsd:string,,
PersonOntology,cx:PersonalInformation,cx:jobTitle,xsd:string,,
PersonOntology,cx:PersonalInformation,cx:nickname,xsd:string,,
PersonOntology,cx:PersonalInformation,cx:personalTitle,xsd:string,,
VehicleOntology,cx:PetrolVehicle,,,cx:hasPart,cx:PetrolEngine
UpperOntology,cx:Place,cx:latitude,xsd:float,,
UpperOntology,cx:Place,cx:longitude,xsd:float,,
UpperOntology,cx:Place,,,cx:hasAddress,cx:Address
UpperOntology,cx:Place,,,cx:isLocatedIn,cx:StreetAddress
CommonOntology,cx:Plant,,,cx:produces,cx:Product
DiagnosisOntology,cx:PossibleCause,,,cx:hasActualCause,cx:ActualCause
DiagnosisOntology,cx:PossibleCause,,,cx:hasCauseType,cx:CauseType
AddressOntology,cx:PostOfficeBox,cx:postOfficeBoxNumber,xsd:string,,
ContactOntology,cx:PrivateContact,,,cx:hasPrivateAddress,cx:PrivateAddress
VehicleOntology,cx:PrivateVehicle,,,cx:isOwnedBy,cx:Person
UpperOntology,cx:Process,,,cx:isInvolvedIn,cx:Action
UpperOntology,cx:Process,,,cx:isInvolvedIn,cx:Process
UpperOntology,cx:Product,cx:price,xsd:float,,
UpperOntology,cx:Product,,,cx:hasBrand,cx:Brand
UpperOntology,cx:Product,,,cx:hasContact,cx:Contact
UpperOntology,cx:Product,,,cx:isAffectedIn,cx:IncidentReport
UpperOntology,cx:Product,,,cx:isMadeOf,cx:RawMaterial
CommonOntology,cx:Production,,,cx:produces,cx:Product
MaterialOntology,cx:RawMaterial,,,cx:contains,cx:Substance
MaterialOntology,cx:RawMaterial,,,cx:isAffectedIn,cx:IncidentReport
MaterialOntology,cx:RawMaterial,,,cx:isItemOf,cx:BillOfMaterial
MaterialOntology,cx:RawMaterial,,,cx:participatesIn,cx:Process
MaterialOntology,cx:RawMaterialManufacturer,,,cx:produces,cx:RawMaterial
MaterialOntology,cx:RawMaterialSupplier,,,cx:supplies,cx:RawMaterial
CommonOntology,cx:Recycler,,,cx:recycles,cx:Product
PersonOntology,cx:Relative,,,cx:isRelatedTo,cx:Person
PrognosisOntology,cx:RemainingUsefulLifetime,cx:remainingLifetime,xsd:integer,,
PrognosisOntology,cx:RemainingUsefulLifetime,cx:remainingMileage,xsd:integer,,
BillOfMaterialOntology,cx:ReplacementEvent,cx:replacementDatetime,xsd:dateTime,,
BillOfMaterialOntology,cx:ReplacementEvent,cx:replacementLocation,xsd:string,,
BillOfMaterialOntology,cx:ReplacementEvent,,,cx:hasNewPart,cx:Component
BillOfMaterialOntology,cx:ReplacementEvent,,,cx:hasNewPart,cx:Part
BillOfMaterialOntology,cx:ReplacementEvent,,,cx:hasNewPart,cx:SparePart
BillOfMaterialOntology,cx:ReplacementEvent,,,cx:hasReplacedPart,cx:Component
BillOfMaterialOntology,cx:ReplacementEvent,,,cx:hasReplacedPart,cx:Part
CommonOntology,cx:Reseller,,,cx:sells,cx:Product
CommonOntology,cx:Retailer,,,cx:sells,cx:Product
CommonOntology,cx:Seller,,,cx:sells,cx:Product
PartOntology,cx:SerializedPart,cx:serialNumber,xsd:string,,
PartOntology,cx:SerializedPart,,,cx:isAffectedIn,cx:IncidentReport
PartOntology,cx:SerializedPart,,,cx:isItemOf,cx:Vehicle
PartOntology,cx:SerializedPart,,,cx:isItemOf,cx:ManufacturingBillOfMaterial
CommonOntology,cx:Service,,,cx:hasContact,cx:Contact
BillOfMaterialOntology,cx:ServiceBillOfMaterial,,,cx:hasReplacementEvent,cx:ReplacementEvent
BillOfMaterialOntology,cx:ServiceBillOfMaterial,,,cx:isPartOf,cx:Vehicle
PersonOntology,cx:Sibling,,,cx:isSiblingOf,cx:Person
VehicleUsageOntology,cx:SpeedProfile,,,cx:isPartOf,cx:DrivingPattern
PersonOntology,cx:Spouse,,,cx:isMarriedTo,cx:Person
AddressOntology,cx:StreetAddress,cx:apartmentNumber,xsd:string,,
AddressOntology,cx:StreetAddress,cx:buildingLevel,xsd:string,,
AddressOntology,cx:StreetAddress,cx:buildingName,xsd:string,,
AddressOntology,cx:StreetAddress,cx:buildingNumber,xsd:string,,
AddressOntology,cx:StreetAddress,cx:city,xsd:string,,
AddressOntology,cx:StreetAddress,cx:country,xsd:string,,
AddressOntology,cx:StreetAddress,cx:county,xsd:string,,
AddressOntology,cx:StreetAddress,cx:district,xsd:string,,
AddressOntology,cx:StreetAddress,cx:fullStreetAddress,xsd:string,,
AddressOntology,cx:StreetAddress,cx:houseNumber,xsd:string,,
AddressOntology,cx:StreetAddress,cx:postalCode,xsd:string,,
AddressOntology,cx:StreetAddress,cx:receiverFirstName,xsd:string,,
AddressOntology,cx:StreetAddress,cx:receiverFullName,xsd:string,,
AddressOntology,cx:StreetAddress,cx:receiverLastName,xsd:string,,
AddressOntology,cx:StreetAddress,cx:streetName,xsd:string,,
AddressOntology,cx:StreetAddress,,,cx:isLocatedIn,cx:City
AddressOntology,cx:StreetAddress,,,cx:isLocatedIn,cx:Country
CommonOntology,cx:Supplier,cx:supplierId,xsd:string,,
CommonOntology,cx:Supplier,cx:supplierName,xsd:string,,
CommonOntology,cx:Supplier,,,cx:supplies,cx:Product
CommonOntology,cx:Supplier,,,cx:suppliesTo,cx:Manufacturer
CommonOntology,cx:TechnicalStandard,cx:technicalStandardStandardName,xsd:string,,
CommonOntology,cx:TechnicalStandard,cx:technicalStandardStandardNumber,xsd:string,,
EncodingOntology,cx:Token,cx:tokenOrder,xsd:integer,,
EncodingOntology,cx:Token,cx:tokenRange,xsd:string,,
EncodingOntology,cx:Token,,,cx:encodes,cx:Encoding
EncodingOntology,cx:Token,,,cx:isTranslatedBy,cx:TokenDictionary
EncodingOntology,cx:TokenDictionary,cx:tokenKey,xsd:string,,
EncodingOntology,cx:TokenDictionary,cx:tokenValue,xsd:string,,
EncodingOntology,cx:TokenDictionary,,,cx:translates,cx:Token
VehicleOntology,cx:TransportVehicle,,,cx:transports,cx:Cargo
VehicleOntology,cx:TruckDriver,,,cx:drives,cx:Truck
VehicleOntology,cx:TruckDriver,,,cx:drives,cx:Van
UnitOntology,cx:Unit,cx:unitId,xsd:string,,
UnitOntology,cx:Unit,cx:unitName,xsd:string,,
EncodingOntology,cx:VariableLengthToken,cx:tokeSeparator,xsd:integer,,
EncodingOntology,cx:VariableLengthToken,cx:tokenMaxLength,xsd:integer,,
EncodingOntology,cx:VariableLengthToken,cx:tokenMinLength,xsd:integer,,
VehicleOntology,cx:Vehicle,cx:vehicleConfiguration,xsd:string,,
VehicleOntology,cx:Vehicle,cx:vehicleDescription,xsd:string,,
VehicleOntology,cx:Vehicle,cx:vehicleIdentificationNumber,xsd:string,,
VehicleOntology,cx:Vehicle,cx:vehicleSpecialUsage,xsd:string,,
VehicleOntology,cx:Vehicle,cx:vehicleTypeCode,xsd:string,,
VehicleOntology,cx:Vehicle,,,cx:drivesOn,cx:Road
VehicleOntology,cx:Vehicle,,,cx:hasBillOfMaterial,cx:VehicleBillOfMaterial
VehicleOntology,cx:Vehicle,,,cx:hasBodyStyle,cx:BodyStyle
VehicleOntology,cx:Vehicle,,,cx:hasError,cx:VehicleError
VehicleOntology,cx:Vehicle,,,cx:hasEuroCarSegment,cx:EuroCarSegment
VehicleOntology,cx:Vehicle,,,cx:hasInterface,cx:DataLinkConnector
VehicleOntology,cx:Vehicle,,,cx:hasInterface,cx:Telematics
VehicleOntology,cx:Vehicle,,,cx:hasLoadSpectrum,cx:LoadSpectrum
VehicleOntology,cx:Vehicle,,,cx:hasTransmissionType,cx:TransmissionType
VehicleOntology,cx:Vehicle,,,cx:hasVehicleBrand,cx:VehicleBrand
VehicleOntology,cx:Vehicle,,,cx:hasVehicleCargo,cx:VehicleCargoInformation
VehicleOntology,cx:Vehicle,,,cx:hasVehicleDimensions,cx:VehicleDimensionInformation
VehicleOntology,cx:Vehicle,,,cx:hasVehicleManufacturer,cx:VehicleManufacturer
VehicleOntology,cx:Vehicle,,,cx:hasVehicleModel,cx:VehicleModel
VehicleOntology,cx:Vehicle,,,cx:hasWorldManufacturerIdentifier,cx:WorldManufacturerIdentifier
VehicleOntology,cx:Vehicle,,,cx:isMadeBy,cx:VehicleManufacturer
VehicleOntology,cx:Vehicle,,,cx:isSoldAt,cx:VehicleDealer
VehicleOntology,cx:Vehicle,,,cx:isVariantOf,cx:VehicleModel
VehicleOntology,cx:Vehicle,,,cx:transports,cx:Passenger
VehicleOntology,cx:Vehicle,,,cx:uses,cx:Telematics
VehicleOntology,cx:Vehicle,,,cx:uses,cx:OnBoardDiagnostics2
VehicleInformationOntology,cx:VehicleBatteryInformation,cx:batteryCapacity,xsd:integer,,
VehicleInformationOntology,cx:VehicleBatteryInformation,cx:batteryType,xsd:string,,
VehicleInformationOntology,cx:VehicleBatteryInformation,cx:batteryWeight,xsd:integer,,
VehicleInformationOntology,cx:VehicleBatteryInformation,cx:chargingTime,xsd:double,,
VehicleInformationOntology,cx:VehicleBatteryInformation,cx:electricConsumption,xsd:double,,
VehicleInformationOntology,cx:VehicleBatteryInformation,cx:electricPower,xsd:integer,,
BillOfMaterialOntology,cx:VehicleBillOfMaterial,,,cx:hasOrder,cx:Order
VehicleInformationOntology,cx:VehicleBodyInformation,cx:bodyStyle,xsd:string,,
VehicleInformationOntology,cx:VehicleBodyInformation,cx:euroCarSegment,xsd:string,,
VehicleInformationOntology,cx:VehicleBodyInformation,cx:numberOfDoors,xsd:integer,,
VehicleInformationOntology,cx:VehicleBodyInformation,cx:vehicleDragCoefficient,xsd:double,,
VehicleInformationOntology,cx:VehicleBodyInformation,cx:vehicleExteriorColor,xsd:string,,
VehicleInformationOntology,cx:VehicleCargoInformation,cx:cargoVolume,xsd:double,,
VehicleInformationOntology,cx:VehicleCargoInformation,cx:grossVehicleMass,xsd:double,,
VehicleInformationOntology,cx:VehicleCargoInformation,cx:maxAxleLoad,xsd:double,,
VehicleInformationOntology,cx:VehicleCargoInformation,cx:maxPayload,xsd:double,,
VehicleInformationOntology,cx:VehicleCargoInformation,cx:maxTowingCapacity,xsd:double,,
VehicleInformationOntology,cx:VehicleCargoInformation,cx:passengerVolume,xsd:double,,
VehicleInformationOntology,cx:VehicleCargoInformation,cx:tongueWeight,xsd:double,,
VehicleInformationOntology,cx:VehicleCargoInformation,cx:trailerWeight,xsd:double,,
VehicleInformationOntology,cx:VehicleCargoInformation,cx:trunkVolume,xsd:double,,
VehicleInformationOntology,cx:VehicleCargoInformation,cx:weightTotal,xsd:double,,
VehicleInformationOntology,cx:VehicleChassisInformation,cx:numberOfAxles,xsd:integer,,
VehicleInformationOntology,cx:VehicleChassisInformation,cx:numberOfDriveAxles,xsd:integer,,
VehicleInformationOntology,cx:VehicleCommunicationInformation,cx:hasModem,xsd:boolean,,
VehicleComponentOntology,cx:VehicleComponent,,,cx:hasError,cx:VehicleError
VehicleComponentOntology,cx:VehicleComponent,,,cx:hasLoadSpectrum,cx:LoadSpectrum
VehicleInformationOntology,cx:VehicleCurrentState,cx:vehicleCurrentAge,xsd:integer,,
VehicleInformationOntology,cx:VehicleCurrentState,cx:vehicleCurrentLocation,xsd:string,,
VehicleInformationOntology,cx:VehicleCurrentState,cx:vehicleCurrentMileage,xsd:integer,,
VehicleInformationOntology,cx:VehicleCurrentState,cx:vehicleCurrentStateDateTime,xsd:dateTime,,
VehicleInformationOntology,cx:VehicleCurrentState,cx:vehicleOperatingHours,xsd:integer,,
VehicleInformationOntology,cx:VehicleCurrentState,,,cx:hasLoadSpectrum,cx:LoadSpectrum
VehicleInformationOntology,cx:VehicleDealer,,,cx:sells,cx:Vehicle
DiagnosisOntology,cx:VehicleDiagnosis,cx:testingTechnician,xsd:string,,
DiagnosisOntology,cx:VehicleDiagnosis,cx:vehicleDiagnosisDate,xsd:date,,
DiagnosisOntology,cx:VehicleDiagnosis,cx:vehicleDiagnosisLocation,xsd:string,,
DiagnosisOntology,cx:VehicleDiagnosis,,,cx:diagnoses,cx:Vehicle
DiagnosisOntology,cx:VehicleDiagnosis,,,cx:hasDiagnosticTroubleCode,cx:DiagnosticTroubleCode
DiagnosisOntology,cx:VehicleDiagnosticDevice,,,cx:connectsTo,cx:OnBoardDiagnostics2
DiagnosisOntology,cx:VehicleDiagnosticSystem,,,cx:connectsTo,cx:OnBoardDiagnostics2
VehicleInformationOntology,cx:VehicleDimensionInformation,cx:frontBrakeDiscDiameter,xsd:double,,
VehicleInformationOntology,cx:VehicleDimensionInformation,cx:vehicleCurbWeight,xsd:double,,
VehicleInformationOntology,cx:VehicleDimensionInformation,cx:vehicleDryWeight,xsd:double,,
VehicleInformationOntology,cx:VehicleDimensionInformation,cx:vehicleGroundClearance,xsd:double,,
VehicleInformationOntology,cx:VehicleDimensionInformation,cx:vehicleHeight,xsd:double,,
VehicleInformationOntology,cx:VehicleDimensionInformation,cx:vehicleLength,xsd:double,,
VehicleInformationOntology,cx:VehicleDimensionInformation,cx:vehicleTurningRadius,xsd:double,,
VehicleInformationOntology,cx:VehicleDimensionInformation,cx:vehicleWeight,xsd:double,,
VehicleInformationOntology,cx:VehicleDimensionInformation,cx:vehicleWheelbase,xsd:double,,
VehicleInformationOntology,cx:VehicleDimensionInformation,cx:vehicleWidth,xsd:double,,
VehicleInformationOntology,cx:VehicleEngineInformation,cx:bore,xsd:double,,
VehicleInformationOntology,cx:VehicleEngineInformation,cx:camshaftValvetrainConfiguration,xsd:string,,
VehicleInformationOntology,cx:VehicleEngineInformation,cx:engineAlignment,xsd:string,,
VehicleInformationOntology,cx:VehicleEngineInformation,cx:engineAspiration,xsd:string,,
VehicleInformationOntology,cx:VehicleEngineInformation,cx:engineCompressionRatio,xsd:double,,
VehicleInformationOntology,cx:VehicleEngineInformation,cx:engineDisplacement,xsd:double,,
VehicleInformationOntology,cx:VehicleEngineInformation,cx:engineFamily,xsd:string,,
VehicleInformationOntology,cx:VehicleEngineInformation,cx:engineForm,xsd:string,,
VehicleInformationOntology,cx:VehicleEngineInformation,cx:engineFuelInjection,xsd:string,,
VehicleInformationOntology,cx:VehicleEngineInformation,cx:engineGeneration,xsd:string,,
VehicleInformationOntology,cx:VehicleEngineInformation,cx:engineManufacturer,xsd:string,,
VehicleInformationOntology,cx:VehicleEngineInformation,cx:engineMaxPower,xsd:double,,
VehicleInformationOntology,cx:VehicleEngineInformation,cx:engineMaxTorque,xsd:double,,
VehicleInformationOntology,cx:VehicleEngineInformation,cx:engineName,xsd:string,,
VehicleInformationOntology,cx:VehicleEngineInformation,cx:enginePerformanceClass,xsd:string,,
VehicleInformationOntology,cx:VehicleEngineInformation,cx:enginePosition,xsd:string,,
VehicleInformationOntology,cx:VehicleEngineInformation,cx:engineSeries,xsd:string,,
VehicleInformationOntology,cx:VehicleEngineInformation,cx:engineTypeCode,xsd:string,,
VehicleInformationOntology,cx:VehicleEngineInformation,cx:engineVersion,xsd:string,,
VehicleInformationOntology,cx:VehicleEngineInformation,cx:numberOfCylinders,xsd:integer,,
VehicleInformationOntology,cx:VehicleEngineInformation,cx:numberOfValves,xsd:integer,,
VehicleInformationOntology,cx:VehicleEngineInformation,cx:stroke,xsd:double,,
ErrorOntology,cx:VehicleError,cx:errorMileage,xsd:integer,,
ErrorOntology,cx:VehicleError,,,cx:isInvolvedIn,cx:VehicleComponent
ErrorOntology,cx:VehicleError,,,cx:isInvolvedIn,cx:Part
ErrorOntology,cx:VehicleError,,,cx:isInvolvedIn,cx:Vehicle
ErrorOntology,cx:VehicleError,,,cx:isInvolvedIn,cx:DiagnosticTroubleCode
VehicleInformationOntology,cx:VehicleFuelInformation,cx:adblueTankCapacity,xsd:double,,
VehicleInformationOntology,cx:VehicleFuelInformation,cx:co2Emissions,xsd:integer,,
VehicleInformationOntology,cx:VehicleFuelInformation,cx:co2EmissionsWltp,xsd:integer,,
VehicleInformationOntology,cx:VehicleFuelInformation,cx:emissionClass,xsd:string,,
VehicleInformationOntology,cx:VehicleFuelInformation,cx:euEnergyLabel,xsd:string,,
VehicleInformationOntology,cx:VehicleFuelInformation,cx:fuelConsumptionCity,xsd:double,,
VehicleInformationOntology,cx:VehicleFuelInformation,cx:fuelConsumptionCombined,xsd:double,,
VehicleInformationOntology,cx:VehicleFuelInformation,cx:fuelConsumptionHighway,xsd:double,,
VehicleInformationOntology,cx:VehicleFuelInformation,cx:fuelEfficiency,xsd:double,,
VehicleInformationOntology,cx:VehicleFuelInformation,cx:fuelTankCapacity,xsd:double,,
VehicleInformationOntology,cx:VehicleFuelInformation,cx:fuelType,xsd:string,,
PrognosisOntology,cx:VehicleHealthCondition,cx:vehicleStateOfHealth,xsd:double,,
VehicleInformationOntology,cx:VehicleInfotainmentInformation,cx:hasNavigation,xsd:boolean,,
VehicleInformationOntology,cx:VehicleInfotainmentInformation,cx:hasRadio,xsd:boolean,,
VehicleInformationOntology,cx:VehicleInteriorInformation,cx:airConditioningType,xsd:string,,
VehicleInformationOntology,cx:VehicleInteriorInformation,cx:numberOfPassengers,xsd:integer,,
VehicleInformationOntology,cx:VehicleInteriorInformation,cx:numberOfSeatRows,xsd:integer,,
VehicleInformationOntology,cx:VehicleInteriorInformation,cx:numberOfSeats,xsd:integer,,
VehicleInformationOntology,cx:VehicleInteriorInformation,cx:numberOfStandingPlaces,xsd:integer,,
VehicleInformationOntology,cx:VehicleInteriorInformation,cx:vehicleInteriorColor,xsd:string,,
VehicleInformationOntology,cx:VehicleInteriorInformation,cx:vehicleInteriorType,xsd:string,,
VehicleLifecycleOntology,cx:VehicleLifecycleStage,,,cx:isPartOf,cx:VehicleLifecycle
VehicleInformationOntology,cx:VehicleLifetimeInformation,cx:expectedLifetime,xsd:integer,,
VehicleInformationOntology,cx:VehicleLifetimeInformation,cx:expectedLifetimeMileage,xsd:integer,,
VehicleInformationOntology,cx:VehicleLightingInformation,cx:hasAutomaticHeadLights,xsd:boolean,,
VehicleInformationOntology,cx:VehicleLightingInformation,cx:hasFogLights,xsd:boolean,,
VehicleInformationOntology,cx:VehicleModel,cx:previousVehicleModel,xsd:string,,
VehicleInformationOntology,cx:VehicleModel,cx:vehicleBrand,xsd:string,,
VehicleInformationOntology,cx:VehicleModel,cx:vehicleDevelopmentSeries,xsd:string,,
VehicleInformationOntology,cx:VehicleModel,cx:vehicleModel,xsd:string,,
VehicleInformationOntology,cx:VehicleModel,cx:vehicleModelArchitecture,xsd:string,,
VehicleInformationOntology,cx:VehicleModel,cx:vehicleModelEndOfProduction,xsd:date,,
VehicleInformationOntology,cx:VehicleModel,cx:vehicleModelGeneration,xsd:integer,,
VehicleInformationOntology,cx:VehicleModel,cx:vehicleModelSeries,xsd:string,,
VehicleInformationOntology,cx:VehicleModel,cx:vehicleModelStartOfProduction,xsd:date,,
VehicleInformationOntology,cx:VehicleModel,cx:vehicleModelVariant,xsd:string,,
VehicleInformationOntology,cx:VehiclePerformanceInformation,cx:electricRange,xsd:integer,,
VehicleInformationOntology,cx:VehiclePerformanceInformation,cx:electricRangeWltp,xsd:integer,,
VehicleInformationOntology,cx:VehiclePerformanceInformation,cx:roadNoise,xsd:integer,,
VehicleInformationOntology,cx:VehiclePerformanceInformation,cx:stationaryNoise,xsd:integer,,
VehicleInformationOntology,cx:VehiclePerformanceInformation,cx:vehicleAcceleration,xsd:integer,,
VehicleInformationOntology,cx:VehiclePerformanceInformation,cx:vehicleBreaking,xsd:integer,,
VehicleInformationOntology,cx:VehiclePerformanceInformation,cx:vehicleMaxSpeed,xsd:integer,,
VehicleInformationOntology,cx:VehiclePerformanceInformation,cx:vehicleRange,xsd:integer,,
VehicleInformationOntology,cx:VehiclePerformanceInformation,cx:vehicleRangeWltp,xsd:integer,,
VehicleInformationOntology,cx:VehiclePowertrainInformation,cx:clutchType,xsd:string,,
VehicleInformationOntology,cx:VehiclePowertrainInformation,cx:driveWheelType,xsd:string,,
VehicleInformationOntology,cx:VehiclePowertrainInformation,cx:numberOfForwardGears,xsd:integer,,
VehicleInformationOntology,cx:VehiclePowertrainInformation,cx:powertrainLayout,xsd:string,,
VehicleInformationOntology,cx:VehiclePowertrainInformation,cx:steeringType,xsd:string,,
VehicleInformationOntology,cx:VehiclePowertrainInformation,cx:steeringWheelPosition,xsd:string,,
VehicleInformationOntology,cx:VehiclePowertrainInformation,cx:vehicleTransmission,xsd:string,,
VehicleInformationOntology,cx:VehicleProductionInformation,cx:deliveryPrice,xsd:integer,,
VehicleInformationOntology,cx:VehicleProductionInformation,cx:listPrice,xsd:integer,,
VehicleInformationOntology,cx:VehicleProductionInformation,cx:purchasePrice,xsd:integer,,
VehicleInformationOntology,cx:VehicleProductionInformation,cx:vehicleAssemblyCountry,xsd:string,,
VehicleInformationOntology,cx:VehicleProductionInformation,cx:vehicleAssemblyPlant,xsd:string,,
VehicleInformationOntology,cx:VehicleProductionInformation,cx:vehicleCountryOption,xsd:string,,
VehicleInformationOntology,cx:VehicleProductionInformation,cx:vehicleDeliveryCountry,xsd:string,,
VehicleInformationOntology,cx:VehicleProductionInformation,cx:vehicleDeliveryDate,xsd:date,,
VehicleInformationOntology,cx:VehicleProductionInformation,cx:vehicleOrderDate,xsd:date,,
VehicleInformationOntology,cx:VehicleProductionInformation,cx:vehicleProductionDate,xsd:date,,
VehicleInformationOntology,cx:VehicleProductionInformation,cx:vehicleProductionYear,xsd:integer,,
VehicleInformationOntology,cx:VehicleProductionInformation,cx:vehiclePurchaseDate,xsd:date,,
PrognosisOntology,cx:VehiclePrognosis,cx:vehiclePrognosisCreator,xsd:string,,
PrognosisOntology,cx:VehiclePrognosis,cx:vehiclePrognosisDate,xsd:date,,
PrognosisOntology,cx:VehiclePrognosis,cx:vehiclePrognosisId,xsd:string,,
PrognosisOntology,cx:VehiclePrognosis,,,cx:considers,cx:VehicleComponent
PrognosisOntology,cx:VehiclePrognosis,,,cx:considers,cx:VehicleSystem
PrognosisOntology,cx:VehiclePrognosis,,,cx:considers,cx:Vehicle
PrognosisOntology,cx:VehiclePrognosis,,,cx:determines,cx:EngineHealthCondition
PrognosisOntology,cx:VehiclePrognosis,,,cx:determines,cx:BatteryHealthCondition
PrognosisOntology,cx:VehiclePrognosis,,,cx:determines,cx:VehicleHealthCondition
PrognosisOntology,cx:VehiclePrognosis,,,cx:predicts,cx:RemainingUsefulLifetime
PrognosisOntology,cx:VehiclePrognosis,,,cx:predicts,cx:VehicleError
PrognosisOntology,cx:VehiclePrognosis,,,cx:predicts,cx:Failure
PrognosisOntology,cx:VehiclePrognosis,,,cx:predicts,cx:Breakdown
PrognosisOntology,cx:VehiclePrognosis,,,cx:recommends,cx:ConditionBasedMaintenance
PrognosisOntology,cx:VehiclePrognosis,,,cx:recommends,cx:PredictiveMaintenance
PrognosisOntology,cx:VehiclePrognosis,,,cx:uses,cx:VehicleDiagnosis
PrognosisOntology,cx:VehiclePrognosis,,,cx:uses,cx:PredictiveModel
VehicleInformationOntology,cx:VehicleRegistrationInformation,cx:manufacturerKeyNumber,xsd:string,,
VehicleInformationOntology,cx:VehicleRegistrationInformation,cx:vehicleRegistrationAuthority,xsd:string,,
VehicleInformationOntology,cx:VehicleRegistrationInformation,cx:vehicleRegistrationDate,xsd:date,,
VehicleInformationOntology,cx:VehicleRegistrationInformation,cx:vehicleRegistrationLocation,xsd:string,,
VehicleInformationOntology,cx:VehicleRegistrationInformation,cx:vehicleRegistrationOwner,xsd:string,,
VehicleInformationOntology,cx:VehicleRegistrationInformation,cx:vehicleRegistrationPlate,xsd:string,,
VehicleInformationOntology,cx:VehicleRegistrationInformation,cx:vehicleTypeCodeNumber,xsd:string,,
VehicleInformationOntology,cx:VehicleSafetyInformation,cx:numberOfAirbags,xsd:integer,,
VehicleInformationOntology,cx:VehicleSuspensionInformation,cx:assistanceSystem,xsd:string,,
VehicleInformationOntology,cx:VehicleSuspensionInformation,cx:frontSpringType,xsd:string,,
VehicleInformationOntology,cx:VehicleSuspensionInformation,cx:frontSuspension,xsd:string,,
VehicleInformationOntology,cx:VehicleSuspensionInformation,cx:rearSpringType,xsd:string,,
VehicleInformationOntology,cx:VehicleSuspensionInformation,cx:rearSuspension,xsd:string,,
VehicleInformationOntology,cx:VehicleSuspensionInformation,cx:rim,xsd:string,,
VehicleInformationOntology,cx:VehicleSuspensionInformation,cx:tire,xsd:string,,
VehicleUsageOntology,cx:VehicleUsage,cx:fuelConsumption,xsd:double,,
VehicleUsageOntology,cx:VehicleUsage,cx:gearSwitching,xsd:string,,
VehicleUsageOntology,cx:VehicleUsage,cx:maxAcceleration,xsd:integer,,
VehicleUsageOntology,cx:VehicleUsage,cx:maxDeceleration,xsd:integer,,
VehicleUsageOntology,cx:VehicleUsage,cx:maxRotationalSpeed,xsd:integer,,
VehicleUsageOntology,cx:VehicleUsage,cx:maxSpeed,xsd:integer,,
VehicleUsageOntology,cx:VehicleUsage,cx:mileage,xsd:integer,,
VehicleUsageOntology,cx:VehicleUsage,cx:mileageDate,xsd:date,,
VehicleInformationOntology,cx:VehicleWarrantyInformation,cx:warrantyMaxDuration,xsd:integer,,
VehicleInformationOntology,cx:VehicleWarrantyInformation,cx:warrantyMaxMileage,xsd:integer,,
CommonOntology,cx:Wholesaler,,,cx:sells,cx:Product
VehicleInformationOntology,cx:WorldManufacturerIdentifier,cx:worldManufacturerCountry,xsd:string,,
VehicleInformationOntology,cx:WorldManufacturerIdentifier,cx:worldManufacturerId,xsd:string,,
VehicleInformationOntology,cx:WorldManufacturerIdentifier,cx:worldManufacturerName,xsd:string,,
VehicleInformationOntology,cx:WorldManufacturerIdentifier,cx:worldManufacturerRegion,xsd:string,,
VehicleInformationOntology,cx:WorldManufacturerIdentifier,,,cx:sameAs,cx:BusinessPartner
